Ram,Weight,Touchscreen,IPS,HDD,SDD,Flash_Storage,Hybrid,Company_Acer,Company_Apple,Company_Asus,Company_Dell,Company_HP,Company_Lenovo,Company_MSI,Company_Other,Company_Toshiba,TypeName_2 in 1 Convertible,TypeName_Gaming,TypeName_Netbook,TypeName_Notebook,TypeName_Ultrabook,TypeName_Workstation,OpSys_Linux,OpSys_Mac,OpSys_Other,OpSys_Windows,cpu_name_AMD,cpu_name_Intel Core i3,cpu_name_Intel Core i5,cpu_name_Intel Core i7,cpu_name_Other,gpu_name_AMD,gpu_name_Intel,gpu_name_Nvidia,Price
8,1.43,0,0,0.0,256.0,0.0,0.0,0,0,0,0,1,0,0,0,0,0,0,0,1,0,0,0,0,0,1,0,0,1,0,0,0,1,0,80612.64
24,1.32,0,0,0.0,512.0,0.0,0.0,0,0,0,0,0,1,0,0,0,0,0,0,0,1,0,0,0,0,1,0,0,0,1,0,0,1,0,126912.96
8,2.2,0,0,0.0,256.0,0.0,0.0,0,0,0,1,0,0,0,0,0,0,0,0,1,0,0,1,0,0,0,0,0,0,1,0,1,0,0,39907.2528
8,2.63,0,0,1024.0,0.0,0.0,0.0,0,0,0,0,1,0,0,0,0,0,0,0,1,0,0,0,0,0,1,0,0,1,0,0,0,0,1,48484.8
16,1.7,0,0,1024.0,256.0,0.0,0.0,0,0,0,0,0,0,1,0,0,0,1,0,0,0,0,0,0,0,1,0,0,0,1,0,0,0,1,94252.32
16,3.78,0,1,1024.0,256.0,0.0,0.0,0,0,0,0,0,0,1,0,0,0,1,0,0,0,0,0,0,0,1,0,0,0,1,0,0,0,1,82351.6992
8,1.1,1,0,0.0,512.0,0.0,0.0,0,0,0,0,0,0,0,0,1,0,0,0,0,1,0,0,0,0,1,0,0,0,1,0,0,1,0,95371.2
8,1.23,1,0,0.0,256.0,0.0,0.0,0,0,0,1,0,0,0,0,0,0,0,0,0,1,0,1,0,0,0,0,0,1,0,0,0,1,0,58554.72
4,2.79,0,0,1024.0,0.0,0.0,0.0,0,0,0,0,0,1,0,0,0,0,0,0,1,0,0,0,0,0,1,0,0,1,0,0,0,0,1,31381.92
4,1.7,0,1,0.0,128.0,0.0,0.0,0,0,0,0,0,1,0,0,0,0,0,0,1,0,0,0,0,0,1,0,1,0,0,0,0,1,0,31914.72
8,2.2,0,0,1024.0,0.0,0.0,0.0,0,0,0,0,0,1,0,0,0,0,0,0,1,0,0,0,0,1,0,0,0,0,1,0,0,0,1,37775.52
8,0.97,0,0,0.0,512.0,0.0,0.0,0,0,0,0,1,0,0,0,0,0,0,1,0,0,0,0,0,0,1,0,0,0,0,1,0,1,0,101658.24
8,2.62,0,1,1024.0,128.0,0.0,0.0,0,0,0,1,0,0,0,0,0,0,1,0,0,0,0,0,0,0,1,0,0,0,1,0,0,0,1,61751.52
8,2.1,0,0,0.0,256.0,0.0,0.0,0,0,0,0,1,0,0,0,0,0,0,0,1,0,0,0,0,0,1,0,0,1,0,0,0,0,1,46833.12
4,1.89,0,0,0.0,0.0,64.0,0.0,0,0,0,0,0,0,0,1,0,0,0,0,1,0,0,0,0,0,1,0,0,0,0,1,0,1,0,13053.0672
8,2.69,0,0,1024.0,128.0,0.0,0.0,0,0,1,0,0,0,0,0,0,0,0,0,1,0,0,0,0,1,0,0,0,0,1,0,0,0,1,47365.92
8,1.27,1,1,0.0,256.0,0.0,0.0,0,0,0,0,0,1,0,0,0,1,0,0,0,0,0,0,0,0,1,0,0,0,1,0,0,1,0,124621.92
8,1.32,0,1,0.0,256.0,0.0,0.0,0,0,0,0,0,1,0,0,0,0,0,0,0,1,0,0,0,0,1,0,0,1,0,0,0,1,0,95850.72
4,1.9,0,0,1024.0,0.0,0.0,0.0,0,0,0,0,0,1,0,0,0,0,0,0,1,0,0,0,0,1,0,0,0,0,0,1,0,1,0,13445.7408
8,1.1,0,1,0.0,256.0,0.0,0.0,0,0,0,0,0,1,0,0,0,0,0,0,1,0,0,0,0,0,1,0,0,1,0,0,0,1,0,53226.72
16,2.43,0,1,1024.0,256.0,0.0,0.0,0,0,0,0,0,0,1,0,0,0,1,0,0,0,0,0,0,0,1,0,0,0,1,0,0,0,1,103842.1872
8,2.7,0,1,1024.0,128.0,0.0,0.0,1,0,0,0,0,0,0,0,0,0,1,0,0,0,0,0,0,0,1,0,0,0,1,0,0,0,1,67132.8
4,1.7,0,0,0.0,0.0,0.0,508.0,0,0,0,0,0,1,0,0,0,0,0,0,1,0,0,0,0,0,1,0,0,1,0,0,0,1,0,53386.56
4,1.9,0,0,1024.0,0.0,0.0,0.0,0,0,0,0,0,1,0,0,0,0,0,0,1,0,0,0,0,1,0,0,1,0,0,0,0,1,0,18061.92
8,2.6,0,1,1024.0,0.0,0.0,0.0,0,0,0,0,0,1,0,0,0,0,0,0,1,0,0,0,0,0,1,0,0,0,1,0,0,0,1,47898.72
8,1.7,0,0,0.0,256.0,0.0,0.0,0,0,0,0,0,1,0,0,0,0,0,0,0,1,0,0,0,0,1,0,0,0,1,0,0,1,0,79866.72
16,1.83,0,1,0.0,512.0,0.0,0.0,0,1,0,0,0,0,0,0,0,0,0,0,0,1,0,0,1,0,0,0,0,0,1,0,1,0,0,135195.33599999998
8,1.23,1,0,0.0,256.0,0.0,0.0,0,0,0,1,0,0,0,0,0,0,0,0,0,1,0,0,0,0,1,0,0,0,1,0,0,1,0,73473.12
4,1.9,0,0,500.0,0.0,0.0,0.0,0,0,0,0,0,1,0,0,0,0,0,0,1,0,0,0,0,1,0,0,1,0,0,0,0,1,0,23976.0
4,2.4,0,0,500.0,0.0,0.0,0.0,1,0,0,0,0,0,0,0,0,0,0,0,1,0,0,1,0,0,0,0,0,0,0,1,0,1,0,15397.92
8,2.06,1,0,0.0,256.0,0.0,0.0,0,0,0,1,0,0,0,0,0,0,0,0,1,0,0,0,0,0,1,0,0,1,0,0,0,0,1,93186.72
4,2.25,0,0,1024.0,0.0,0.0,0.0,0,0,0,1,0,0,0,0,0,0,0,0,1,0,0,1,0,0,0,0,1,0,0,0,1,0,0,24808.2336
8,2.0,0,1,0.0,256.0,0.0,0.0,0,0,0,0,0,0,0,0,1,0,0,0,1,0,0,0,0,0,1,0,0,0,1,0,0,1,0,73952.64
4,1.59,0,1,0.0,128.0,0.0,0.0,0,0,0,0,0,1,0,0,0,0,0,1,0,0,0,0,0,0,1,0,0,0,0,1,0,1,0,29463.84
8,3.14,0,0,500.0,0.0,0.0,0.0,0,0,0,0,1,0,0,0,0,0,0,0,0,0,1,0,0,0,1,0,0,1,0,0,0,0,1,99153.5472
8,1.75,0,1,0.0,256.0,0.0,0.0,0,0,0,0,0,1,0,0,0,0,0,0,1,0,0,0,0,0,1,0,0,1,0,0,0,1,0,55890.72
2,1.1,1,0,0.0,0.0,32.0,0.0,0,0,1,0,0,0,0,0,0,1,0,0,0,0,0,0,0,0,1,0,0,0,0,1,0,1,0,14652.0
16,1.2,1,0,0.0,1024.0,0.0,0.0,0,0,0,1,0,0,0,0,0,0,0,0,0,1,0,0,0,0,1,0,0,0,1,0,0,1,0,120093.12
4,1.4,0,0,0.0,0.0,128.0,0.0,1,0,0,0,0,0,0,0,0,0,0,0,1,0,0,0,0,0,1,0,0,0,0,1,0,1,0,25840.8
4,2.25,0,0,1024.0,0.0,0.0,0.0,0,0,0,1,0,0,0,0,0,0,0,0,1,0,0,1,0,0,0,0,1,0,0,0,0,1,0,19127.52
8,2.4,0,0,0.0,256.0,0.0,0.0,0,0,0,0,0,0,1,0,0,0,1,0,0,0,0,0,0,0,1,0,0,1,0,0,0,0,1,63882.72
4,2.1,0,0,500.0,0.0,0.0,0.0,1,0,0,0,0,0,0,0,0,0,0,0,1,0,0,0,0,0,1,1,0,0,0,0,1,0,0,21312.0
8,1.91,0,0,0.0,256.0,0.0,0.0,0,0,0,0,1,0,0,0,0,0,0,0,1,0,0,0,0,0,1,0,0,0,1,0,1,0,0,38308.32
16,4.42,0,1,1024.0,256.0,0.0,0.0,0,0,0,1,0,0,0,0,0,0,1,0,0,0,0,0,0,0,1,0,0,0,1,0,0,0,1,149130.72
2,1.68,0,0,0.0,0.0,32.0,0.0,1,0,0,0,0,0,0,0,0,0,0,0,1,0,0,0,0,1,0,0,0,0,0,1,0,1,0,17582.399999999998
8,1.7,0,1,0.0,256.0,0.0,0.0,0,0,0,0,0,1,0,0,0,0,0,0,1,0,0,0,0,0,1,0,0,1,0,0,0,1,0,78534.72
4,1.4,0,0,0.0,32.0,0.0,0.0,0,0,0,0,0,0,0,1,0,0,0,0,1,0,0,0,0,0,1,0,0,0,0,1,0,1,0,13266.72
8,1.4,1,0,0.0,0.0,64.0,0.0,0,0,0,0,1,0,0,0,0,1,0,0,0,0,0,0,0,1,0,0,0,0,0,1,0,1,0,26373.6
8,2.3,0,0,1024.0,0.0,0.0,0.0,0,0,1,0,0,0,0,0,0,0,0,0,1,0,0,1,0,0,0,0,1,0,0,0,0,0,1,31808.16
8,1.2,0,0,0.0,0.0,64.0,0.0,0,0,1,0,0,0,0,0,0,1,0,0,0,0,0,0,0,1,0,0,0,0,0,1,0,1,0,61751.52
4,2.2,0,0,500.0,0.0,0.0,0.0,0,0,0,1,0,0,0,0,0,0,0,0,1,0,0,1,0,0,0,0,0,0,0,1,0,1,0,17262.72
4,1.65,0,0,500.0,0.0,0.0,0.0,0,0,0,1,0,0,0,0,0,0,0,0,1,0,0,0,0,0,1,0,1,0,0,0,0,1,0,45234.72
8,2.2,1,0,1024.0,0.0,0.0,0.0,0,0,1,0,0,0,0,0,0,1,0,0,0,0,0,0,0,0,1,0,0,1,0,0,0,1,0,39373.92
8,2.0,0,0,0.0,256.0,0.0,0.0,0,0,1,0,0,0,0,0,0,0,0,0,1,0,0,0,0,0,1,0,0,1,0,0,0,0,1,40972.32
8,1.7,0,0,0.0,180.0,0.0,0.0,0,0,0,0,0,1,0,0,0,0,0,0,1,0,0,0,0,0,1,0,0,1,0,0,0,1,0,72673.92
8,1.84,0,0,0.0,512.0,0.0,0.0,0,0,0,0,1,0,0,0,0,0,0,0,0,1,0,0,0,0,1,0,0,0,1,0,0,1,0,74005.92
4,2.4,0,0,500.0,0.0,0.0,0.0,1,0,0,0,0,0,0,0,0,0,0,0,1,0,0,1,0,0,0,0,0,0,0,1,0,1,0,15397.92
8,1.64,0,0,0.0,256.0,0.0,0.0,0,0,0,1,0,0,0,0,0,0,0,0,1,0,0,0,0,0,1,0,0,1,0,0,0,1,0,68184.0144
4,1.86,0,0,500.0,0.0,0.0,0.0,0,0,0,0,1,0,0,0,0,0,0,0,1,0,0,0,0,0,1,0,1,0,0,0,1,0,0,23373.4032
4,1.9,0,0,1024.0,0.0,0.0,0.0,0,0,0,0,0,1,0,0,0,0,0,0,1,0,0,0,0,1,0,0,1,0,0,0,1,0,0,19607.04
4,1.44,0,0,0.0,32.0,0.0,0.0,0,0,0,0,1,0,0,0,0,0,0,0,1,0,0,0,0,0,1,0,0,0,0,1,0,1,0,12201.12
8,2.18,0,0,0.0,256.0,0.0,0.0,0,0,0,1,0,0,0,0,0,0,0,0,1,0,0,0,0,0,1,0,0,1,0,0,0,1,0,39960.0
16,2.9,0,0,1024.0,256.0,0.0,0.0,0,0,1,0,0,0,0,0,0,0,1,0,0,0,0,0,0,0,1,0,0,0,1,0,0,0,1,74964.95999999999
16,1.83,0,1,0.0,256.0,0.0,0.0,0,1,0,0,0,0,0,0,0,0,0,0,0,1,0,0,1,0,0,0,0,0,1,0,1,0,0,130001.6016
8,1.37,1,1,0.0,512.0,0.0,0.0,0,0,0,0,0,1,0,0,0,1,0,0,0,0,0,0,0,0,1,0,0,0,1,0,0,1,0,107892.0
8,1.3,1,1,0.0,256.0,0.0,0.0,0,0,0,0,0,1,0,0,0,1,0,0,0,0,0,0,0,0,1,0,0,1,0,0,0,1,0,63882.72
16,1.63,0,0,0.0,512.0,0.0,0.0,0,0,1,0,0,0,0,0,0,0,0,0,0,1,0,0,0,0,1,0,0,0,1,0,0,0,1,78215.04
8,1.3,1,1,0.0,256.0,0.0,0.0,0,0,0,0,0,1,0,0,0,1,0,0,0,0,0,0,0,0,1,0,0,1,0,0,0,1,0,55091.52
4,1.25,0,1,0.0,0.0,32.0,0.0,1,0,0,0,0,0,0,0,0,0,0,1,0,0,0,0,0,1,0,0,0,0,0,1,0,1,0,15824.16
8,2.2,0,1,1024.0,0.0,0.0,0.0,0,0,0,0,0,0,1,0,0,0,1,0,0,0,0,0,0,0,1,0,0,0,1,0,0,0,1,44701.92
16,4.3,0,1,1024.0,256.0,0.0,0.0,0,0,1,0,0,0,0,0,0,0,1,0,0,0,0,0,0,0,1,0,0,0,1,0,0,0,1,125208.0
4,2.2,0,0,500.0,0.0,0.0,0.0,0,0,0,0,0,1,0,0,0,0,0,0,1,0,0,0,0,0,1,0,0,0,0,1,0,1,0,22324.32
12,2.2,0,0,1024.0,128.0,0.0,0.0,0,0,1,0,0,0,0,0,0,0,1,0,0,0,0,0,0,0,1,0,0,1,0,0,0,0,1,72988.272
8,1.54,0,0,0.0,256.0,0.0,0.0,0,0,0,0,1,0,0,0,0,0,0,0,0,1,0,0,0,0,1,0,0,0,1,0,0,1,0,117119.5632
8,2.3,0,1,0.0,256.0,0.0,0.0,0,0,0,0,0,1,0,0,0,0,0,0,1,0,0,0,0,0,1,0,0,1,0,0,0,0,1,53918.82719999999
8,2.31,0,0,0.0,256.0,0.0,0.0,0,0,0,0,1,0,0,0,0,0,0,0,1,0,0,0,0,0,1,0,0,1,0,0,0,1,0,59886.72
8,1.38,1,1,0.0,256.0,0.0,0.0,0,0,0,0,0,1,0,0,0,1,0,0,0,0,0,0,0,0,1,0,0,0,1,0,0,1,0,71874.72
8,2.8,0,0,1024.0,0.0,0.0,0.0,0,0,0,0,0,1,0,0,0,0,0,0,1,0,0,0,0,1,0,0,0,1,0,0,0,1,0,28717.92
16,2.62,0,0,1024.0,256.0,0.0,0.0,0,0,0,1,0,0,0,0,0,0,1,0,0,0,0,0,0,0,1,0,0,0,1,0,0,0,1,78801.12
16,1.22,1,0,0.0,512.0,0.0,0.0,0,0,0,1,0,0,0,0,0,1,0,0,0,0,0,0,0,0,1,0,0,0,1,0,0,1,0,101178.72
4,2.2,0,0,500.0,0.0,0.0,0.0,0,0,1,0,0,0,0,0,0,0,0,0,1,0,0,0,0,0,1,0,0,0,0,1,0,1,0,19660.32
16,1.36,1,0,0.0,512.0,0.0,0.0,0,0,0,0,0,1,0,0,0,1,0,0,0,0,0,0,0,0,1,0,0,0,1,0,0,1,0,133146.72
16,2.2,0,0,2048.0,256.0,0.0,0.0,0,0,0,1,0,0,0,0,0,0,0,0,1,0,0,0,0,0,1,0,0,0,1,0,1,0,0,64961.10719999999
6,2.8,0,0,1024.0,128.0,0.0,0.0,0,0,0,0,0,1,0,0,0,0,0,0,1,0,0,0,0,0,1,0,0,1,0,0,0,0,1,38308.32
4,2.2,0,0,1024.0,128.0,0.0,0.0,0,0,1,0,0,0,0,0,0,0,0,0,1,0,0,0,0,0,1,1,0,0,0,0,1,0,0,30636.0
8,1.6,1,1,0.0,256.0,0.0,0.0,0,0,0,1,0,0,0,0,0,1,0,0,0,0,0,0,0,0,1,0,0,1,0,0,0,1,0,63882.72
8,2.3,0,0,128.0,0.0,0.0,0.0,0,0,1,0,0,0,0,0,0,0,0,0,1,0,0,0,0,0,1,0,0,1,0,0,0,1,0,31435.2
8,1.86,0,0,0.0,256.0,0.0,0.0,0,0,0,0,1,0,0,0,0,0,0,0,1,0,0,0,0,1,0,0,0,1,0,0,0,1,0,30636.0
16,2.04,0,1,0.0,0.0,256.0,0.0,0,1,0,0,0,0,0,0,0,0,0,0,0,1,0,0,1,0,0,0,0,0,1,0,0,1,0,114017.6016
12,2.26,1,0,2048.0,512.0,0.0,0.0,0,0,1,0,0,0,0,0,0,1,0,0,0,0,0,0,0,0,1,0,0,0,1,0,0,0,1,58554.72
16,1.21,1,1,0.0,1024.0,0.0,0.0,0,0,0,1,0,0,0,0,0,0,0,0,0,1,0,0,0,0,1,0,0,0,1,0,0,1,0,133146.72
16,1.05,0,0,0.0,512.0,0.0,0.0,0,0,0,0,0,0,0,0,1,0,0,0,0,1,0,0,0,0,1,0,0,0,1,0,0,1,0,118601.28
4,2.4,0,0,1024.0,0.0,0.0,0.0,0,0,0,0,0,1,0,0,0,0,0,0,1,0,0,0,0,0,1,0,0,1,0,0,0,0,1,32447.52
4,1.49,0,0,0.0,128.0,0.0,0.0,0,0,0,0,1,0,0,0,0,0,0,0,1,0,0,0,0,0,1,0,1,0,0,0,0,1,0,38308.32
4,1.5,0,0,0.0,0.0,32.0,0.0,0,0,1,0,0,0,0,0,0,0,0,0,1,0,0,0,0,0,1,0,0,0,0,1,0,1,0,15877.44
8,1.54,0,0,0.0,256.0,0.0,0.0,0,0,0,0,1,0,0,0,0,0,0,0,0,1,0,0,0,0,1,0,0,0,1,0,0,1,0,100550.5488
8,1.4,0,1,0.0,256.0,0.0,0.0,0,0,0,1,0,0,0,0,0,0,0,0,0,1,0,0,0,0,1,0,0,0,1,0,1,0,0,49650.5664
8,1.93,0,0,0.0,256.0,0.0,0.0,0,0,0,1,0,0,0,0,0,0,0,0,1,0,0,0,0,0,1,0,0,0,1,0,0,0,1,72940.31999999999
8,1.36,0,1,0.0,256.0,0.0,0.0,0,0,0,0,0,1,0,0,0,0,0,0,0,1,0,0,0,0,1,0,0,0,1,0,0,1,0,84395.52
8,2.2,0,0,0.0,256.0,0.0,0.0,0,0,0,1,0,0,0,0,0,0,0,0,1,0,0,0,0,0,1,0,0,1,0,0,1,0,0,42624.0
4,2.23,0,0,1024.0,0.0,0.0,0.0,1,0,0,0,0,0,0,0,0,0,0,0,1,0,0,0,0,0,1,0,0,1,0,0,0,0,1,32820.48
16,4.0,0,1,1024.0,128.0,0.0,0.0,0,0,1,0,0,0,0,0,0,0,1,0,0,0,0,0,0,0,1,0,0,0,1,0,0,0,1,101232.0
16,1.95,0,1,0.0,256.0,0.0,0.0,0,0,0,0,0,0,0,1,0,0,0,0,1,0,0,0,0,1,0,0,0,0,1,0,0,0,1,74589.336
4,1.63,0,0,0.0,128.0,0.0,0.0,0,0,0,0,1,0,0,0,0,0,0,0,1,0,0,0,0,0,1,0,1,0,0,0,0,1,0,36709.92
16,2.6,0,0,1024.0,128.0,0.0,0.0,0,0,0,1,0,0,0,0,0,0,1,0,0,0,0,0,0,0,1,0,0,0,1,0,0,0,1,71874.72
6,1.95,0,1,0.0,256.0,0.0,0.0,0,0,0,0,1,0,0,0,0,0,0,0,1,0,0,0,0,0,1,1,0,0,0,0,1,0,0,34578.72
8,2.59,0,1,0.0,256.0,0.0,0.0,0,0,0,0,1,0,0,0,0,0,0,0,0,0,1,0,0,0,1,0,0,0,1,0,0,0,1,118761.12
8,1.84,0,0,0.0,256.0,0.0,0.0,0,0,0,0,1,0,0,0,0,0,0,0,1,0,0,0,0,0,1,0,0,1,0,0,1,0,0,71874.72
8,2.0,0,0,0.0,256.0,0.0,0.0,0,0,0,1,0,0,0,0,0,0,0,0,1,0,0,0,0,0,1,0,0,0,1,0,0,0,1,96969.6
16,2.4,0,1,0.0,512.0,0.0,0.0,0,0,0,0,0,0,0,0,1,0,0,0,1,0,0,0,0,0,1,0,0,0,1,0,0,0,1,74751.84
16,2.8,1,1,0.0,512.0,0.0,0.0,0,0,0,0,0,1,0,0,0,1,0,0,0,0,0,0,0,0,1,0,0,0,1,0,0,1,0,130003.2
8,2.5,0,1,1024.0,0.0,0.0,0.0,0,0,1,0,0,0,0,0,0,0,1,0,0,0,0,0,0,1,0,0,0,0,1,0,0,0,1,62284.32
8,1.91,0,0,0.0,128.0,0.0,0.0,0,0,0,0,1,0,0,0,0,0,0,0,1,0,0,0,0,0,1,1,0,0,0,0,1,0,0,23757.552
8,3.0,0,0,1024.0,0.0,0.0,0.0,0,0,1,0,0,0,0,0,0,0,1,0,0,0,0,0,0,0,1,0,0,0,1,0,0,0,1,63243.36
4,2.3,0,0,1024.0,0.0,0.0,0.0,0,0,0,1,0,0,0,0,0,0,0,0,1,0,0,0,0,0,1,0,1,0,0,0,0,1,0,22305.1392
8,1.9,0,1,1024.0,128.0,0.0,0.0,0,0,0,1,0,0,0,0,0,0,0,0,0,1,0,0,0,0,1,0,0,1,0,0,0,0,1,55890.72
8,1.9,0,0,0.0,256.0,0.0,0.0,0,0,0,1,0,0,0,0,0,0,0,0,1,0,0,0,0,0,1,0,0,1,0,0,0,1,0,73366.56
8,3.2,0,0,1024.0,256.0,0.0,0.0,0,0,1,0,0,0,0,0,0,0,1,0,0,0,0,0,0,0,1,1,0,0,0,0,1,0,0,69210.72
8,1.95,0,0,0.0,256.0,0.0,0.0,0,0,0,0,1,0,0,0,0,0,0,0,1,0,0,0,0,0,1,0,0,1,0,0,0,1,0,52214.4
4,1.85,0,0,1024.0,0.0,0.0,0.0,0,0,0,0,0,1,0,0,0,0,0,0,1,0,0,0,0,0,1,0,1,0,0,0,0,1,0,22105.872
8,2.2,0,0,0.0,256.0,0.0,0.0,0,0,0,0,0,0,0,0,1,0,0,0,1,0,0,0,0,0,1,0,0,1,0,0,0,1,0,59620.32
8,2.13,0,0,0.0,256.0,0.0,0.0,0,0,0,1,0,0,0,0,0,0,0,0,1,0,0,0,0,0,1,0,0,0,1,0,1,0,0,40908.384
8,3.0,0,0,1024.0,128.0,0.0,0.0,0,0,1,0,0,0,0,0,0,0,1,0,0,0,0,0,0,0,1,0,0,0,1,0,0,0,1,62231.04
8,2.2,0,0,0.0,256.0,0.0,0.0,0,0,0,0,0,1,0,0,0,0,0,0,1,0,0,0,0,1,0,0,0,1,0,0,0,1,0,29250.72
6,2.1,1,1,1024.0,0.0,0.0,0.0,1,0,0,0,0,0,0,0,0,0,0,0,1,0,0,0,0,0,1,0,1,0,0,0,0,1,0,25521.12
4,1.63,0,0,0.0,0.0,32.0,0.0,0,0,1,0,0,0,0,0,0,0,0,0,1,0,0,0,0,0,1,0,0,0,0,1,0,1,0,15930.72
8,1.26,0,0,0.0,512.0,0.0,0.0,0,0,0,0,1,0,0,0,0,0,0,1,0,0,0,0,0,0,1,0,0,0,1,0,0,1,0,79014.23999999999
8,2.2,0,0,0.0,256.0,0.0,0.0,0,0,0,1,0,0,0,0,0,0,0,0,1,0,0,0,0,0,1,0,0,0,1,0,1,0,0,46353.6
4,2.8,0,0,500.0,0.0,0.0,0.0,0,0,0,0,0,1,0,0,0,0,0,0,1,0,0,0,0,1,0,0,1,0,0,0,0,1,0,28185.12
8,1.37,0,1,0.0,256.0,0.0,0.0,0,1,0,0,0,0,0,0,0,0,0,0,0,1,0,0,1,0,0,0,0,1,0,0,0,1,0,75604.31999999999
8,1.37,1,1,0.0,512.0,0.0,0.0,0,0,0,0,0,1,0,0,0,1,0,0,0,0,0,0,0,0,1,0,0,1,0,0,0,1,0,97236.0
8,1.37,1,1,0.0,512.0,0.0,0.0,0,0,0,0,0,1,0,0,0,1,0,0,0,0,0,0,0,0,1,0,0,0,1,0,0,1,0,104961.6
4,2.3,0,0,0.0,256.0,0.0,0.0,0,0,0,0,0,0,0,1,0,0,0,0,1,0,0,0,0,0,1,0,0,1,0,0,0,1,0,34578.72
16,2.5,0,0,1024.0,256.0,0.0,0.0,0,0,1,0,0,0,0,0,0,0,1,0,0,0,0,0,0,0,1,0,0,0,1,0,0,0,1,95850.72
4,2.0,0,0,500.0,0.0,0.0,0.0,0,0,1,0,0,0,0,0,0,0,0,0,1,0,0,0,0,0,1,0,0,0,0,1,0,1,0,16197.12
8,1.65,0,0,0.0,256.0,0.0,0.0,0,0,0,0,0,1,0,0,0,0,0,0,1,0,0,0,0,0,1,0,0,1,0,0,0,1,0,78055.2
8,1.16,0,0,0.0,512.0,0.0,0.0,0,0,0,0,1,0,0,0,0,0,0,0,0,1,0,0,0,0,1,0,0,0,1,0,0,1,0,104908.32
12,2.2,0,0,0.0,512.0,0.0,0.0,0,0,0,0,0,1,0,0,0,0,0,0,1,0,0,0,0,0,1,1,0,0,0,0,1,0,0,50562.72
16,2.8,0,0,2048.0,256.0,0.0,0.0,0,0,0,1,0,0,0,0,0,0,0,0,1,0,0,0,0,0,1,0,0,0,1,0,1,0,0,69210.72
16,1.49,0,0,0.0,512.0,0.0,0.0,0,0,0,0,1,0,0,0,0,0,0,0,1,0,0,0,0,0,1,0,0,0,1,0,0,1,0,63776.16
8,2.0,0,1,1024.0,256.0,0.0,0.0,0,0,1,0,0,0,0,0,0,0,0,0,1,0,0,0,0,0,1,0,0,0,1,0,0,0,1,69210.72
8,1.62,1,1,1024.0,0.0,0.0,0.0,0,0,0,1,0,0,0,0,0,1,0,0,0,0,0,0,0,0,1,0,0,0,1,0,0,1,0,44701.92
6,2.8,0,0,1024.0,128.0,0.0,0.0,0,0,0,0,0,1,0,0,0,0,0,0,1,0,0,0,0,0,1,0,0,0,1,0,0,0,1,45767.52
8,1.36,0,0,0.0,256.0,0.0,0.0,0,0,0,1,0,0,0,0,0,0,0,0,1,0,0,0,0,0,1,0,0,1,0,0,0,1,0,76030.56
16,3.0,0,0,1024.0,256.0,0.0,0.0,0,0,1,0,0,0,0,0,0,0,1,0,0,0,0,0,0,0,1,0,0,0,1,0,0,0,1,80133.12
8,2.0,0,1,0.0,8.0,0.0,0.0,0,0,0,0,1,0,0,0,0,0,0,0,0,0,1,0,0,0,1,0,0,0,1,0,0,0,1,119826.72
16,4.5,0,0,1024.0,128.0,0.0,0.0,0,0,0,0,0,0,1,0,0,0,1,0,0,0,0,0,0,0,1,0,0,0,1,0,0,0,1,125154.72
16,1.4,1,1,0.0,512.0,0.0,0.0,0,0,0,0,0,1,0,0,0,1,0,0,0,0,0,0,0,0,1,0,0,0,1,0,0,1,0,98514.72
16,1.5,0,0,1024.0,256.0,0.0,0.0,0,0,1,0,0,0,0,0,0,0,0,0,0,1,0,0,0,0,1,0,0,0,1,0,0,0,1,67239.36
8,2.6,0,1,1024.0,0.0,0.0,0.0,0,0,0,0,0,1,0,0,0,0,0,0,1,0,0,0,0,0,1,0,0,0,1,0,0,0,1,47898.72
4,1.4,0,0,0.0,0.0,32.0,0.0,1,0,0,0,0,0,0,0,0,0,0,1,0,0,0,0,0,0,1,0,0,0,0,1,0,1,0,14332.32
16,2.8,0,0,1024.0,256.0,0.0,0.0,0,0,0,1,0,0,0,0,0,0,0,0,0,0,1,0,0,0,1,0,0,0,0,1,0,0,1,162770.4
8,1.43,0,0,0.0,256.0,0.0,0.0,0,0,0,0,1,0,0,0,0,0,0,0,0,1,0,0,0,0,1,0,0,0,1,0,0,1,0,77202.72
8,1.2,0,0,0.0,256.0,0.0,0.0,0,0,0,0,0,0,0,0,1,0,0,0,1,0,0,0,0,0,1,0,0,1,0,0,0,1,0,77788.8
4,2.1,0,0,0.0,128.0,0.0,0.0,0,0,0,0,1,0,0,0,0,0,0,0,1,0,0,0,0,0,1,0,1,0,0,0,0,1,0,37589.04
8,1.54,0,0,0.0,512.0,0.0,0.0,0,0,0,0,1,0,0,0,0,0,0,0,0,1,0,0,0,0,1,0,0,0,1,0,0,1,0,78215.04
8,1.09,0,1,0.0,512.0,0.0,0.0,0,0,0,0,0,0,0,1,0,0,0,0,0,1,0,0,0,0,1,0,0,0,1,0,0,1,0,122490.72
8,1.87,0,1,0.0,256.0,0.0,0.0,0,0,0,0,0,1,0,0,0,0,0,0,1,0,0,0,0,0,1,0,0,1,0,0,0,0,1,45664.6896
8,2.3,0,0,0.0,256.0,0.0,0.0,0,0,0,0,0,1,0,0,0,0,0,0,1,0,0,0,0,0,1,0,0,1,0,0,0,1,0,44222.4
8,2.0,0,0,0.0,128.0,0.0,0.0,0,0,0,0,0,0,0,0,1,0,0,0,1,0,0,0,0,0,1,0,0,1,0,0,0,1,0,42251.04
8,3.0,0,0,1024.0,128.0,0.0,0.0,0,0,1,0,0,0,0,0,0,0,1,0,0,0,0,0,0,0,1,0,0,1,0,0,0,0,1,49976.64
16,2.4,0,1,0.0,256.0,0.0,0.0,0,0,0,0,0,0,0,0,1,0,0,0,1,0,0,0,0,0,1,0,0,0,1,0,0,0,1,105228.0
8,1.88,0,1,0.0,256.0,0.0,0.0,0,0,0,1,0,0,0,0,0,0,0,0,0,1,0,0,0,0,1,0,0,1,0,0,0,1,0,58403.4048
16,1.3,1,1,0.0,1024.0,0.0,0.0,0,0,0,0,0,1,0,0,0,1,0,0,0,0,0,0,0,0,1,0,0,0,1,0,0,1,0,95850.72
4,1.6,0,0,0.0,128.0,0.0,0.0,0,0,0,1,0,0,0,0,0,0,0,0,1,0,0,0,0,0,1,0,1,0,0,0,0,1,0,39207.1536
8,1.1,1,0,0.0,256.0,0.0,0.0,0,0,0,0,0,0,0,1,0,0,0,0,0,1,0,0,0,1,0,0,0,1,0,0,0,1,0,83063.52
8,2.16,0,1,0.0,512.0,0.0,0.0,0,0,0,1,0,0,0,0,0,0,0,0,1,0,0,0,0,0,1,0,0,0,1,0,0,0,1,67239.36
16,2.4,0,1,1024.0,256.0,0.0,0.0,0,0,0,0,0,0,1,0,0,0,1,0,0,0,0,0,0,0,1,0,0,0,1,0,0,0,1,95850.72
4,1.49,0,1,500.0,0.0,0.0,0.0,0,0,0,0,1,0,0,0,0,0,0,0,1,0,0,0,0,0,1,0,0,1,0,0,0,1,0,35964.0
8,2.2,0,1,0.0,256.0,0.0,0.0,0,0,0,0,0,0,0,0,1,0,0,0,1,0,0,0,0,0,1,0,0,0,1,0,0,0,1,55571.04
6,2.4,0,0,0.0,128.0,0.0,0.0,0,0,0,0,0,1,0,0,0,0,0,0,1,0,0,0,0,0,1,0,1,0,0,0,0,0,1,30316.32
4,2.3,1,0,500.0,0.0,0.0,0.0,0,0,0,0,1,0,0,0,0,1,0,0,0,0,0,0,0,0,1,0,0,1,0,0,0,1,0,36486.14399999999
8,2.5,0,0,0.0,256.0,0.0,0.0,0,0,1,0,0,0,0,0,0,0,1,0,0,0,0,0,0,0,1,0,0,0,1,0,0,0,1,53226.72
4,2.2,0,0,0.0,256.0,0.0,0.0,0,0,0,1,0,0,0,0,0,0,0,0,1,0,0,1,0,0,0,0,1,0,0,0,1,0,0,25840.8
16,4.14,0,0,1024.0,512.0,0.0,0.0,0,0,0,0,0,0,1,0,0,0,1,0,0,0,0,0,0,0,1,0,0,0,1,0,0,0,1,145401.12
4,1.6,0,0,0.0,128.0,0.0,0.0,1,0,0,0,0,0,0,0,0,0,0,0,1,0,0,0,0,0,1,0,0,1,0,0,0,1,0,34898.4
4,2.36,0,0,1024.0,0.0,0.0,0.0,0,0,0,1,0,0,0,0,0,0,0,0,1,0,0,0,0,0,1,0,1,0,0,0,1,0,0,35111.52
4,2.8,0,0,500.0,0.0,0.0,0.0,0,0,0,0,0,1,0,0,0,0,0,0,1,0,0,0,0,0,1,1,0,0,0,0,1,0,0,20193.12
16,2.62,0,0,0.0,512.0,0.0,0.0,0,0,0,1,0,0,0,0,0,0,1,0,0,0,0,0,0,0,1,0,0,0,1,0,0,0,1,89457.12
4,2.1,0,0,0.0,128.0,0.0,0.0,0,0,0,0,0,0,0,0,1,0,0,0,1,0,0,0,0,0,1,0,1,0,0,0,0,1,0,26533.44
16,1.91,0,0,1024.0,128.0,0.0,0.0,0,0,0,0,0,0,1,0,0,0,1,0,0,0,0,0,0,0,1,0,0,0,1,0,0,0,1,114731.5536
6,2.8,0,0,1024.0,0.0,0.0,0.0,0,0,0,0,0,1,0,0,0,0,0,0,1,0,0,0,0,0,1,0,0,1,0,0,0,0,1,34578.72
16,3.21,0,0,1024.0,256.0,0.0,0.0,0,0,0,1,0,0,0,0,0,0,1,0,0,0,0,0,0,0,1,0,0,0,1,0,0,0,1,70809.12
8,2.0,0,1,0.0,256.0,0.0,0.0,0,0,0,1,0,0,0,0,0,0,0,0,0,0,1,0,0,0,1,0,0,0,1,0,0,0,1,113752.8
16,2.36,0,0,0.0,256.0,0.0,0.0,0,0,0,1,0,0,0,0,0,0,0,0,1,0,0,1,0,0,0,0,0,0,1,0,1,0,0,47898.72
8,1.49,0,0,0.0,256.0,0.0,0.0,0,0,0,0,1,0,0,0,0,0,0,0,1,0,0,0,0,0,1,0,0,0,1,0,0,1,0,58075.2
16,1.29,1,0,0.0,512.0,0.0,0.0,0,0,0,1,0,0,0,0,0,0,0,0,0,1,0,0,0,0,1,0,0,0,1,0,0,1,0,119347.2
4,2.2,0,0,1024.0,0.0,0.0,0.0,0,0,0,0,0,1,0,0,0,0,0,0,1,0,0,0,0,1,0,0,0,0,0,1,0,1,0,19180.2672
8,1.49,0,0,0.0,256.0,0.0,0.0,0,0,0,0,1,0,0,0,0,0,0,0,1,0,0,0,0,0,1,0,0,1,0,0,0,1,0,51148.8
64,3.58,0,1,0.0,1024.0,0.0,0.0,0,0,1,0,0,0,0,0,0,0,1,0,0,0,0,0,0,0,1,0,0,0,1,0,0,0,1,211788.0
8,1.37,0,1,0.0,512.0,0.0,0.0,0,1,0,0,0,0,0,0,0,0,0,0,0,1,0,0,1,0,0,0,0,1,0,0,0,1,0,108691.2
4,2.32,0,0,0.0,0.0,0.0,1024.0,0,0,0,0,0,1,0,0,0,0,0,0,1,0,0,0,0,0,1,0,0,0,1,0,0,1,0,43956.0
16,1.23,0,0,0.0,256.0,0.0,0.0,0,0,0,0,0,0,0,1,0,0,0,0,0,1,0,0,0,0,1,0,0,0,1,0,0,0,1,98514.72
8,1.4,0,1,0.0,256.0,0.0,0.0,0,0,0,1,0,0,0,0,0,0,0,0,0,1,0,0,0,0,1,0,0,0,1,0,1,0,0,50882.4
8,1.25,0,0,0.0,256.0,0.0,0.0,0,0,1,0,0,0,0,0,0,0,0,0,0,1,0,0,0,0,1,0,0,0,1,0,0,1,0,55890.72
16,3.78,0,0,1024.0,256.0,0.0,0.0,0,0,0,0,0,0,1,0,0,0,1,0,0,0,0,0,0,0,1,0,0,0,1,0,0,0,1,127818.72
16,1.2,1,0,0.0,512.0,0.0,0.0,0,0,0,1,0,0,0,0,0,0,0,0,0,1,0,0,0,0,1,0,0,0,1,0,0,1,0,99580.32
8,1.95,0,1,0.0,512.0,0.0,0.0,0,0,0,0,0,1,0,0,0,0,0,0,1,0,0,0,0,0,1,0,0,1,0,0,0,1,0,104588.1072
8,2.2,0,0,0.0,256.0,0.0,0.0,0,0,0,0,0,0,1,0,0,0,1,0,0,0,0,0,0,0,1,0,0,1,0,0,0,0,1,54757.9872
8,1.64,0,0,0.0,256.0,0.0,0.0,0,0,0,1,0,0,0,0,0,0,0,0,1,0,0,0,0,0,1,0,0,1,0,0,0,0,1,62817.12
6,2.2,0,0,0.0,256.0,0.0,0.0,0,0,0,0,0,1,0,0,0,0,0,0,1,0,0,0,0,0,1,1,0,0,0,0,1,0,0,29250.72
8,1.6,0,0,0.0,128.0,0.0,0.0,0,0,0,1,0,0,0,0,0,0,0,0,1,0,0,0,0,0,1,0,0,1,0,0,0,1,0,59620.32
16,1.3,1,1,0.0,512.0,0.0,0.0,0,0,0,0,0,1,0,0,0,1,0,0,0,0,0,0,0,0,1,0,0,0,1,0,0,1,0,79866.72
8,2.02,0,0,1024.0,128.0,0.0,0.0,0,0,0,1,0,0,0,0,0,0,0,0,1,0,0,0,0,0,1,0,0,0,1,0,0,1,0,45554.4
4,2.1,0,0,1024.0,0.0,0.0,0.0,1,0,0,0,0,0,0,0,0,0,0,0,1,0,0,0,0,0,1,1,0,0,0,0,1,0,0,21045.6
8,2.0,0,0,1024.0,0.0,0.0,0.0,0,0,1,0,0,0,0,0,0,0,0,0,1,0,0,0,0,0,1,0,0,0,0,1,0,1,0,21258.72
8,1.63,0,0,0.0,256.0,0.0,0.0,0,0,0,0,1,0,0,0,0,0,0,0,1,0,0,0,0,0,1,0,0,1,0,0,0,1,0,45820.8
4,1.252,1,0,0.0,128.0,0.0,0.0,0,0,0,0,0,0,0,1,0,0,0,0,0,1,0,0,0,0,1,0,0,0,0,1,0,1,0,52693.92
4,2.45,0,0,1024.0,0.0,0.0,0.0,0,0,1,0,0,0,0,0,0,0,0,0,1,0,0,0,0,1,0,0,0,1,0,0,0,0,1,30849.12
8,1.56,0,1,0.0,256.0,0.0,0.0,1,0,0,0,0,0,0,0,0,0,0,0,1,0,0,0,0,0,1,0,0,1,0,0,0,1,0,48058.56
4,2.1,0,0,500.0,0.0,0.0,0.0,0,0,0,0,1,0,0,0,0,0,0,0,1,0,0,0,0,0,1,0,0,0,0,1,0,1,0,18488.16
8,1.29,0,0,0.0,256.0,0.0,0.0,0,0,0,1,0,0,0,0,0,0,0,0,0,1,0,0,0,0,1,0,0,0,1,0,0,1,0,77682.23999999999
2,1.45,0,0,0.0,0.0,32.0,0.0,0,0,0,0,0,0,0,1,0,0,0,0,1,0,0,0,0,0,1,0,0,0,0,1,0,1,0,11231.424
16,2.8,0,0,1024.0,256.0,0.0,0.0,0,0,0,0,0,0,1,0,0,0,1,0,0,0,0,0,0,0,1,0,0,0,1,0,0,0,1,119826.72
16,2.5,0,0,0.0,0.0,0.0,1024.0,0,0,0,0,0,1,0,0,0,0,0,0,1,0,0,0,0,0,1,0,0,0,1,0,1,0,0,58554.72
16,2.9,0,0,1024.0,256.0,0.0,0.0,0,0,1,0,0,0,0,0,0,0,1,0,0,0,0,0,0,0,1,0,0,0,1,0,0,0,1,103842.72
4,2.07,0,0,500.0,0.0,0.0,0.0,0,0,0,0,1,0,0,0,0,0,0,0,1,0,0,0,0,0,1,0,0,1,0,0,0,1,0,48484.8
8,1.252,1,0,0.0,256.0,0.0,0.0,0,0,0,0,0,0,0,1,0,0,0,0,0,1,0,0,0,0,1,0,0,1,0,0,0,1,0,71395.2
4,1.6,0,0,0.0,0.0,128.0,0.0,1,0,0,0,0,0,0,0,0,0,0,0,1,0,0,0,0,0,1,0,0,0,0,1,0,1,0,18594.72
4,1.91,0,0,0.0,256.0,0.0,0.0,0,0,0,0,1,0,0,0,0,0,0,0,1,0,0,0,0,0,1,1,0,0,0,0,1,0,0,25515.2592
16,2.18,0,0,0.0,512.0,0.0,0.0,0,0,0,0,0,1,0,0,0,0,0,0,0,0,1,0,0,0,1,0,0,0,1,0,0,0,1,98834.4
8,1.7,0,1,0.0,256.0,0.0,0.0,0,0,0,0,0,1,0,0,0,0,0,0,1,0,0,0,0,1,0,0,1,0,0,0,0,1,0,31914.72
4,2.25,0,0,1024.0,0.0,0.0,0.0,0,0,0,1,0,0,0,0,0,0,0,0,1,0,0,1,0,0,0,0,1,0,0,0,1,0,0,22803.84
8,1.36,1,0,0.0,256.0,0.0,0.0,0,0,0,1,0,0,0,0,0,0,0,0,0,1,0,0,0,0,1,0,0,1,0,0,0,1,0,78438.816
32,4.7,0,0,1024.0,512.0,0.0,0.0,0,0,1,0,0,0,0,0,0,0,1,0,0,0,0,0,0,0,1,0,0,0,1,0,0,0,1,207259.2
8,2.1,0,0,1024.0,0.0,0.0,0.0,0,0,0,0,1,0,0,0,0,0,0,0,1,0,0,0,0,0,1,0,0,1,0,0,0,1,0,42304.32
8,1.25,0,0,0.0,256.0,0.0,0.0,0,0,1,0,0,0,0,0,0,0,0,0,0,1,0,0,0,0,1,0,0,0,1,0,0,1,0,58554.72
4,1.8,1,1,0.0,128.0,0.0,0.0,0,0,0,0,0,1,0,0,0,1,0,0,0,0,0,0,0,0,1,0,0,0,1,0,0,1,0,33992.64
4,2.6,0,0,0.0,128.0,0.0,0.0,0,0,0,0,0,1,0,0,0,0,0,0,1,0,0,0,0,0,1,1,0,0,0,0,1,0,0,26053.92
4,2.0,0,0,1024.0,0.0,0.0,0.0,0,0,1,0,0,0,0,0,0,0,0,0,1,0,0,0,0,0,1,0,1,0,0,0,0,0,1,30049.92
4,1.68,0,0,0.0,0.0,32.0,0.0,1,0,0,0,0,0,0,0,0,0,0,0,1,0,0,0,0,1,0,0,0,0,0,1,0,1,0,18594.72
8,2.08,1,1,1024.0,0.0,0.0,0.0,0,0,0,1,0,0,0,0,0,1,0,0,0,0,0,0,0,0,1,0,0,0,1,0,0,1,0,43636.32
4,2.0,0,0,1024.0,0.0,0.0,0.0,0,0,1,0,0,0,0,0,0,0,0,0,1,0,0,0,0,0,1,0,0,0,0,1,0,1,0,18061.92
8,1.6,0,1,0.0,256.0,0.0,0.0,1,0,0,0,0,0,0,0,0,0,0,0,0,1,0,0,0,0,1,0,0,1,0,0,0,1,0,41025.6
16,1.25,1,0,0.0,512.0,0.0,0.0,0,0,0,0,0,0,0,1,0,0,0,0,0,1,0,0,0,0,1,0,0,0,1,0,0,1,0,137941.91999999998
8,1.41,0,0,0.0,256.0,0.0,0.0,0,0,0,1,0,0,0,0,0,0,0,0,0,1,0,0,0,0,1,0,0,1,0,0,0,1,0,50562.72
16,2.5,0,0,1024.0,128.0,0.0,0.0,0,0,0,0,0,0,0,1,0,0,0,0,1,0,0,0,0,0,1,0,0,0,1,0,0,0,1,90522.72
16,1.42,1,0,0.0,512.0,0.0,0.0,0,0,0,0,0,1,0,0,0,1,0,0,0,0,0,0,0,0,1,0,0,0,1,0,0,1,0,133679.52
16,4.2,0,1,1024.0,128.0,0.0,0.0,1,0,0,0,0,0,0,0,0,0,1,0,0,0,0,0,0,0,1,0,0,0,1,0,0,0,1,103096.8
16,4.0,0,1,1024.0,0.0,0.0,0.0,0,0,1,0,0,0,0,0,0,0,1,0,0,0,0,0,0,1,0,0,0,0,1,0,0,0,1,53173.44
6,2.8,0,0,1024.0,128.0,0.0,0.0,0,0,0,0,0,1,0,0,0,0,0,0,1,0,0,0,0,0,1,0,0,0,1,0,0,0,1,50562.72
4,2.23,0,0,1024.0,0.0,0.0,0.0,1,0,0,0,0,0,0,0,0,0,0,0,1,0,0,0,0,0,1,0,1,0,0,0,0,0,1,28984.32
4,2.3,0,0,0.0,128.0,0.0,0.0,0,0,0,1,0,0,0,0,0,0,0,0,1,0,0,0,0,0,1,0,1,0,0,0,1,0,0,26586.72
4,1.86,0,0,0.0,256.0,0.0,0.0,0,0,0,0,1,0,0,0,0,0,0,0,1,0,0,0,0,0,1,1,0,0,0,0,1,0,0,19660.32
8,1.91,0,0,0.0,256.0,0.0,0.0,0,0,0,0,1,0,0,0,0,0,0,0,1,0,0,0,0,0,1,0,0,1,0,0,1,0,0,32979.7872
16,1.2,1,0,0.0,512.0,0.0,0.0,0,0,0,1,0,0,0,0,0,0,0,0,0,1,0,0,0,0,1,0,0,0,1,0,0,1,0,142790.4
8,1.87,0,1,0.0,256.0,0.0,0.0,0,0,0,0,0,1,0,0,0,0,0,0,1,0,0,0,0,0,1,0,0,0,1,0,0,0,1,45767.52
32,4.4,0,0,1024.0,512.0,0.0,0.0,0,0,0,0,0,0,1,0,0,0,1,0,0,0,0,0,0,0,1,0,0,0,1,0,0,0,1,149130.72
4,2.29,0,0,500.0,0.0,0.0,0.0,0,0,0,1,0,0,0,0,0,0,0,0,1,0,0,0,0,0,1,0,1,0,0,0,0,1,0,26107.2
8,1.36,0,0,0.0,256.0,0.0,0.0,0,0,0,1,0,0,0,0,0,0,0,0,0,1,0,0,0,0,1,0,0,1,0,0,0,1,0,87325.92
16,3.21,0,0,1024.0,128.0,0.0,0.0,0,0,0,1,0,0,0,0,0,0,1,0,0,0,0,0,0,0,1,0,0,1,0,0,0,0,1,109277.28
2,1.17,0,0,0.0,0.0,32.0,0.0,0,0,0,0,1,0,0,0,0,0,0,1,0,0,0,0,0,0,1,0,0,0,0,1,0,1,0,11135.52
8,1.34,0,0,0.0,0.0,256.0,0.0,0,1,0,0,0,0,0,0,0,0,0,0,0,1,0,0,1,0,0,0,0,1,0,0,0,1,0,61735.536
16,0.81,0,0,0.0,256.0,0.0,0.0,0,0,0,0,0,0,0,1,0,0,0,0,0,1,0,0,0,0,1,0,0,0,1,0,0,1,0,87858.72
8,1.11,1,1,0.0,256.0,0.0,0.0,0,0,0,0,1,0,0,0,0,0,0,0,0,1,0,0,0,0,1,0,0,0,1,0,0,1,0,71874.72
8,2.65,0,0,1024.0,0.0,0.0,0.0,0,0,0,1,0,0,0,0,0,0,1,0,0,0,0,0,0,0,1,0,0,1,0,0,0,0,1,53226.72
32,2.06,1,0,0.0,1024.0,0.0,0.0,0,0,0,1,0,0,0,0,0,0,0,0,1,0,0,0,0,0,1,0,0,0,1,0,0,0,1,140605.91999999998
8,1.68,1,0,0.0,256.0,0.0,0.0,0,0,0,1,0,0,0,0,0,1,0,0,0,0,0,0,0,0,1,0,0,1,0,0,0,1,0,47365.92
4,1.64,0,0,0.0,256.0,0.0,0.0,0,0,0,0,1,0,0,0,0,0,0,0,1,0,0,0,0,0,1,0,0,1,0,0,0,1,0,51841.44
16,4.14,0,0,1024.0,512.0,0.0,0.0,0,0,0,0,0,0,1,0,0,0,1,0,0,0,0,0,0,0,1,0,0,0,1,0,0,0,1,133146.72
4,2.31,0,0,500.0,0.0,0.0,0.0,0,0,0,0,1,0,0,0,0,0,0,0,1,0,0,0,0,0,1,0,0,1,0,0,0,1,0,63349.92
16,3.25,0,1,1024.0,256.0,0.0,0.0,0,0,1,0,0,0,0,0,0,0,1,0,0,0,0,0,0,0,1,1,0,0,0,0,1,0,0,117162.72
6,2.2,0,0,0.0,256.0,0.0,0.0,0,0,0,0,0,1,0,0,0,0,0,0,1,0,0,0,0,0,1,0,0,0,1,0,0,0,1,42037.92
6,2.2,0,0,0.0,256.0,0.0,0.0,0,0,0,0,0,1,0,0,0,0,0,0,1,0,0,0,0,0,1,1,0,0,0,0,1,0,0,31838.5296
16,2.99,0,0,1024.0,256.0,0.0,0.0,0,0,1,0,0,0,0,0,0,0,1,0,0,0,0,0,0,0,1,0,0,0,1,0,0,0,1,93186.72
8,2.02,0,0,0.0,256.0,0.0,0.0,0,0,0,0,0,1,0,0,0,0,0,0,1,0,0,0,0,0,1,0,0,1,0,0,0,1,0,71395.2
8,2.2,0,0,1024.0,0.0,0.0,0.0,0,0,1,0,0,0,0,0,0,0,1,0,0,0,0,0,0,0,1,0,0,0,1,0,0,0,1,62284.32
4,2.2,0,0,500.0,0.0,0.0,0.0,0,0,1,0,0,0,0,0,0,0,0,0,1,0,0,0,0,0,1,0,0,0,0,1,0,1,0,19660.32
8,1.1,1,1,0.0,256.0,0.0,0.0,0,0,0,0,0,1,0,0,0,1,0,0,0,0,0,0,0,0,1,0,0,0,0,1,0,1,0,69210.72
6,2.04,0,0,0.0,0.0,0.0,1024.0,0,0,0,0,1,0,0,0,0,0,0,0,1,0,0,0,0,0,1,1,0,0,0,0,1,0,0,29303.4672
8,2.8,0,0,1024.0,0.0,0.0,0.0,0,0,0,0,0,1,0,0,0,0,0,0,1,0,0,0,0,0,1,1,0,0,0,0,1,0,0,27652.32
8,2.0,0,1,500.0,0.0,0.0,0.0,0,0,0,0,0,0,0,0,1,0,0,0,1,0,0,0,0,0,1,0,0,1,0,0,0,1,0,45820.8
8,1.62,1,0,1024.0,0.0,0.0,0.0,0,0,0,1,0,0,0,0,0,0,0,0,1,0,0,0,0,0,1,0,0,1,0,0,0,1,0,34578.72
16,2.3,1,0,1024.0,0.0,0.0,0.0,0,0,0,1,0,0,0,0,0,0,0,0,1,0,0,0,0,0,1,0,0,0,1,0,1,0,0,45768.0528
8,2.69,0,0,500.0,256.0,0.0,0.0,0,0,1,0,0,0,0,0,0,0,0,0,1,0,0,0,0,0,1,0,0,1,0,0,0,0,1,47472.48
16,1.3,1,1,0.0,512.0,0.0,0.0,0,0,0,0,0,1,0,0,0,1,0,0,0,0,0,0,0,0,1,0,0,0,1,0,0,1,0,79866.72
4,2.1,0,0,500.0,0.0,0.0,0.0,0,0,0,0,1,0,0,0,0,0,0,0,1,0,0,0,0,1,0,0,1,0,0,0,0,1,0,18594.72
8,2.5,0,0,1024.0,128.0,0.0,0.0,0,0,0,0,1,0,0,0,0,0,0,0,1,0,0,0,0,0,1,0,0,1,0,0,0,0,1,52054.56
16,2.9,0,0,1024.0,256.0,0.0,0.0,0,0,0,0,0,0,1,0,0,0,1,0,0,0,0,0,0,0,1,0,0,0,1,0,0,0,1,108105.12
8,1.42,1,0,0.0,256.0,0.0,0.0,0,0,0,0,0,1,0,0,0,1,0,0,0,0,0,0,0,0,1,0,0,0,1,0,0,1,0,137995.19999999998
8,1.9,0,0,1024.0,128.0,0.0,0.0,0,0,0,0,0,1,0,0,0,0,0,0,1,0,0,0,0,0,1,0,0,1,0,0,1,0,0,43580.376
4,1.64,0,0,500.0,0.0,0.0,0.0,0,0,0,0,1,0,0,0,0,0,0,0,1,0,0,0,0,0,1,0,1,0,0,0,0,1,0,36443.52
8,2.18,0,0,0.0,128.0,0.0,0.0,0,0,0,1,0,0,0,0,0,0,0,0,1,0,0,0,0,0,1,0,0,1,0,0,0,1,0,38041.3872
4,2.2,0,0,0.0,256.0,0.0,0.0,1,0,0,0,0,0,0,0,0,0,0,0,1,0,0,0,0,0,1,0,1,0,0,0,0,0,1,30476.16
8,1.84,0,0,0.0,256.0,0.0,0.0,0,0,0,0,1,0,0,0,0,0,0,0,0,1,0,0,0,0,1,0,0,0,1,0,1,0,0,69103.62719999999
4,2.2,0,0,500.0,0.0,0.0,0.0,0,0,0,0,0,1,0,0,0,0,0,0,1,0,0,0,0,0,1,0,1,0,0,0,0,1,0,21791.52
8,2.63,0,0,0.0,256.0,0.0,0.0,0,0,0,0,1,0,0,0,0,0,0,0,1,0,0,0,0,0,1,0,0,1,0,0,0,0,1,57542.4
4,2.2,0,1,1024.0,0.0,0.0,0.0,1,0,0,0,0,0,0,0,0,0,0,0,1,0,0,0,0,0,1,0,0,1,0,0,0,0,1,32660.64
8,2.7,0,0,1024.0,128.0,0.0,0.0,0,0,0,0,0,0,1,0,0,0,1,0,0,0,0,0,0,0,1,0,0,0,1,0,0,0,1,63499.10399999999
4,1.25,0,0,0.0,16.0,0.0,0.0,0,0,0,0,0,1,0,0,0,0,0,1,0,0,0,0,0,1,0,0,0,0,0,1,0,1,0,14119.2
8,2.2,0,0,1024.0,128.0,0.0,0.0,0,0,0,0,0,0,1,0,0,0,1,0,0,0,0,0,0,0,1,0,0,1,0,0,0,0,1,59668.804800000005
16,1.88,0,0,0.0,768.0,0.0,0.0,0,0,0,1,0,0,0,0,0,0,0,0,0,1,0,0,0,0,1,0,0,0,1,0,0,1,0,85672.1088
4,1.5,0,1,0.0,128.0,0.0,0.0,0,0,0,0,0,1,0,0,0,0,0,0,1,0,0,0,0,0,1,0,1,0,0,0,0,1,0,29250.72
8,1.37,0,1,0.0,128.0,0.0,0.0,0,1,0,0,0,0,0,0,0,0,0,0,0,1,0,0,1,0,0,0,0,1,0,0,0,1,0,71378.6832
4,1.86,0,0,500.0,0.0,0.0,0.0,0,0,0,0,1,0,0,0,0,0,0,0,1,0,0,0,0,0,1,0,1,0,0,0,0,1,0,23389.92
8,2.3,1,0,1024.0,0.0,0.0,0.0,0,0,0,1,0,0,0,0,0,0,0,0,1,0,0,0,0,0,1,0,1,0,0,0,0,1,0,24988.8528
8,1.79,0,0,0.0,128.0,0.0,0.0,0,0,0,1,0,0,0,0,0,0,0,0,1,0,0,0,0,0,1,0,1,0,0,0,0,1,0,39427.2
16,4.6,0,1,0.0,256.0,0.0,1024.0,0,0,0,0,0,1,0,0,0,0,1,0,0,0,0,0,0,0,1,0,0,0,1,0,0,0,1,146519.46719999998
4,2.4,0,0,1024.0,0.0,0.0,0.0,1,0,0,0,0,0,0,0,0,0,0,0,1,0,0,0,0,0,1,0,1,0,0,0,0,1,0,26586.72
8,2.6,0,1,1024.0,128.0,0.0,0.0,0,0,0,0,0,1,0,0,0,0,0,0,1,0,0,0,0,0,1,0,0,1,0,0,0,0,1,42037.92
4,1.28,1,0,0.0,256.0,0.0,0.0,0,0,0,0,1,0,0,0,0,1,0,0,0,0,0,0,0,0,1,0,0,1,0,0,0,1,0,95850.72
4,2.1,0,0,500.0,0.0,0.0,0.0,0,0,0,0,0,1,0,0,0,0,0,0,1,0,0,0,0,0,1,0,1,0,0,0,0,1,0,26101.872
4,2.2,0,0,500.0,0.0,0.0,0.0,0,0,0,0,0,1,0,0,0,0,0,0,1,0,0,0,0,1,0,1,0,0,0,0,1,0,0,16463.52
8,1.91,0,0,0.0,128.0,0.0,0.0,0,0,0,0,1,0,0,0,0,0,0,0,1,0,0,0,0,0,1,0,0,1,0,0,0,1,0,31381.92
4,1.86,0,0,500.0,0.0,0.0,0.0,0,0,0,0,1,0,0,0,0,0,0,0,1,0,0,0,0,1,0,0,0,0,0,1,0,1,0,13799.52
2,1.44,0,0,0.0,0.0,32.0,0.0,0,0,0,0,1,0,0,0,0,0,0,0,1,0,0,0,0,0,1,0,0,0,0,1,0,1,0,13266.72
16,4.42,0,1,1024.0,128.0,0.0,0.0,0,0,0,1,0,0,0,0,0,0,1,0,0,0,0,0,0,0,1,0,0,0,1,0,0,0,1,160520.3856
8,2.45,0,0,1024.0,0.0,0.0,0.0,0,0,1,0,0,0,0,0,0,0,1,0,0,0,0,0,0,0,1,1,0,0,0,0,1,0,0,37242.72
4,1.8,1,0,0.0,128.0,0.0,0.0,0,0,0,0,0,1,0,0,0,1,0,0,0,0,0,0,0,0,1,0,0,1,0,0,0,1,0,44382.7728
8,1.23,0,0,0.0,256.0,0.0,0.0,0,0,0,1,0,0,0,0,0,0,0,0,0,1,0,0,0,0,1,0,0,1,0,0,0,1,0,74538.72
16,2.3,0,0,0.0,256.0,0.0,0.0,0,0,0,1,0,0,0,0,0,0,0,0,1,0,0,0,0,0,1,0,0,0,1,0,1,0,0,62938.0656
8,1.27,1,1,0.0,256.0,0.0,0.0,0,0,1,0,0,0,0,0,0,1,0,0,0,0,0,0,0,0,1,0,0,1,0,0,0,1,0,49443.84
16,4.3,0,0,1024.0,256.0,0.0,0.0,0,0,1,0,0,0,0,0,0,0,1,0,0,0,0,0,0,0,1,0,0,0,1,0,0,0,1,95850.72
12,3.0,0,0,1024.0,0.0,0.0,0.0,0,0,1,0,0,0,0,0,0,0,1,0,0,0,0,1,0,0,0,0,0,0,1,0,0,0,1,50562.72
4,2.2,0,0,1024.0,0.0,0.0,0.0,0,0,0,1,0,0,0,0,0,0,0,0,1,0,0,0,0,0,1,0,1,0,0,0,1,0,0,23922.72
4,1.3,0,0,0.0,128.0,0.0,0.0,0,0,1,0,0,0,0,0,0,0,0,0,1,0,0,0,0,0,1,0,1,0,0,0,0,1,0,27119.52
8,2.3,0,0,1024.0,0.0,0.0,0.0,0,0,0,1,0,0,0,0,0,0,0,0,1,0,0,1,0,0,0,0,0,0,1,0,1,0,0,42943.1472
6,2.23,0,0,1024.0,0.0,0.0,0.0,1,0,0,0,0,0,0,0,0,0,0,0,1,0,0,0,0,0,1,0,0,1,0,0,0,1,0,29250.72
6,2.19,0,0,1024.0,0.0,0.0,0.0,0,0,0,0,1,0,0,0,0,0,0,0,1,0,0,0,0,0,1,0,0,0,1,0,1,0,0,40705.92
4,2.2,0,0,1024.0,0.0,0.0,0.0,0,0,0,0,0,1,0,0,0,0,0,0,1,0,0,0,0,0,1,0,0,0,0,1,0,1,0,16463.52
8,2.3,0,1,0.0,256.0,0.0,0.0,0,0,0,0,0,1,0,0,0,0,0,0,1,0,0,0,0,0,1,0,0,1,0,0,0,1,0,48538.08
4,1.8,0,1,0.0,128.0,0.0,0.0,1,0,0,0,0,0,0,0,0,0,0,0,1,0,0,0,0,0,1,0,1,0,0,0,0,1,0,33886.08
8,2.2,0,0,0.0,256.0,0.0,0.0,0,0,0,0,0,1,0,0,0,0,0,0,1,0,0,0,0,1,0,0,1,0,0,0,0,0,1,26586.72
8,1.3,0,1,0.0,180.0,0.0,0.0,0,0,0,0,0,1,0,0,0,0,0,0,0,1,0,0,0,0,1,0,0,1,0,0,0,1,0,58554.72
8,2.191,1,1,0.0,256.0,0.0,0.0,0,0,0,1,0,0,0,0,0,1,0,0,0,0,0,0,0,0,1,0,0,1,0,0,0,1,0,53226.72
4,2.0,0,0,1024.0,0.0,0.0,0.0,0,0,1,0,0,0,0,0,0,0,0,0,1,0,0,1,0,0,0,0,0,0,0,1,0,1,0,14651.4672
6,1.4,0,1,0.0,0.0,64.0,0.0,0,0,0,0,0,0,0,1,0,0,0,0,1,0,0,0,0,0,1,0,0,0,0,1,0,1,0,23922.72
4,2.1,0,0,1024.0,0.0,0.0,0.0,1,0,0,0,0,0,0,0,0,0,0,0,1,0,0,0,0,0,1,0,0,0,0,1,0,1,0,18541.44
8,1.88,0,0,0.0,512.0,0.0,0.0,0,0,0,1,0,0,0,0,0,0,0,0,0,1,0,0,0,0,1,0,0,0,1,0,0,1,0,69157.44
4,2.04,1,0,1024.0,0.0,0.0,0.0,0,0,0,0,1,0,0,0,0,0,0,0,1,0,0,0,0,0,1,0,0,1,0,0,0,1,0,27783.9216
8,2.8,0,0,0.0,256.0,0.0,0.0,0,0,0,0,0,1,0,0,0,0,0,0,1,0,0,0,0,1,0,0,0,1,0,0,0,0,1,37189.44
8,2.0,0,0,0.0,256.0,0.0,0.0,0,0,0,1,0,0,0,0,0,0,0,0,1,0,0,0,0,0,1,0,1,0,0,0,0,1,0,35431.2
16,2.7,0,0,1024.0,256.0,0.0,0.0,0,0,0,0,0,0,1,0,0,0,1,0,0,0,0,0,0,0,1,0,0,0,1,0,0,0,1,85194.72
4,1.49,0,1,500.0,0.0,0.0,0.0,0,0,0,0,1,0,0,0,0,0,0,0,1,0,0,0,0,0,1,0,0,1,0,0,0,1,0,40173.12
4,2.1,0,0,1024.0,0.0,0.0,0.0,0,0,1,0,0,0,0,0,0,0,0,0,1,0,0,1,0,0,0,0,0,1,0,0,0,0,1,27652.32
8,1.2,0,0,0.0,256.0,0.0,0.0,0,0,0,1,0,0,0,0,0,0,0,0,0,1,0,0,0,0,1,0,0,1,0,0,0,1,0,77250.672
4,2.0,0,0,500.0,0.0,0.0,0.0,0,0,0,0,0,0,0,0,1,0,0,0,1,0,0,0,0,0,1,0,1,0,0,0,0,1,0,26053.92
8,2.04,0,0,0.0,256.0,0.0,0.0,0,0,0,0,1,0,0,0,0,0,0,0,1,0,0,0,0,0,1,0,0,1,0,0,0,0,1,47365.92
12,1.6,1,1,0.0,256.0,0.0,0.0,0,0,0,1,0,0,0,0,0,1,0,0,0,0,0,0,0,0,1,0,0,0,1,0,0,1,0,69210.72
4,2.1,0,0,1024.0,128.0,0.0,0.0,0,0,0,0,1,0,0,0,0,0,0,0,1,0,0,0,0,0,1,0,1,0,0,0,1,0,0,26586.72
32,1.05,1,0,0.0,512.0,0.0,0.0,0,0,0,0,0,0,0,0,1,0,0,0,0,1,0,0,0,0,1,0,0,0,1,0,0,1,0,149130.72
8,2.7,0,0,1024.0,128.0,0.0,0.0,0,0,0,0,0,0,1,0,0,0,1,0,0,0,0,0,0,0,1,0,0,1,0,0,0,0,1,58341.6
4,2.2,0,0,500.0,0.0,0.0,0.0,0,0,0,1,0,0,0,0,0,0,0,0,1,0,0,1,0,0,0,0,0,0,0,1,0,1,0,20965.1472
12,1.4,0,1,0.0,256.0,0.0,0.0,0,0,0,0,0,1,0,0,0,0,0,0,0,1,0,0,0,0,1,0,0,0,1,0,0,1,0,89137.44
16,2.2,0,0,2048.0,256.0,0.0,0.0,0,0,0,1,0,0,0,0,0,0,0,0,1,0,0,0,0,0,1,0,0,0,1,0,1,0,0,60472.8
8,1.6,1,1,0.0,256.0,0.0,0.0,1,0,0,0,0,0,0,0,0,1,0,0,0,0,0,0,0,0,1,0,0,1,0,0,0,1,0,36709.92
6,2.1,0,0,1024.0,128.0,0.0,0.0,0,0,0,0,1,0,0,0,0,0,0,0,1,0,0,0,0,0,1,1,0,0,0,0,1,0,0,34632.0
8,1.05,0,1,0.0,512.0,0.0,0.0,0,0,0,0,0,0,0,1,0,0,0,0,0,1,0,0,0,0,1,0,0,0,1,0,0,1,0,79866.72
8,2.13,0,0,0.0,256.0,0.0,0.0,0,0,0,1,0,0,0,0,0,0,0,0,1,0,0,0,0,0,1,0,0,1,0,0,1,0,0,38787.84
8,1.6,0,1,0.0,256.0,0.0,0.0,1,0,0,0,0,0,0,0,0,0,0,0,0,1,0,0,0,0,1,0,0,0,1,0,0,1,0,47099.52
16,3.78,0,0,1024.0,256.0,0.0,0.0,0,0,0,0,0,0,1,0,0,0,1,0,0,0,0,0,0,0,1,0,0,0,1,0,0,0,1,133146.72
16,2.43,0,1,2048.0,512.0,0.0,0.0,0,0,0,0,0,0,1,0,0,0,1,0,0,0,0,0,0,0,1,0,0,0,1,0,0,0,1,141138.72
4,2.06,0,0,500.0,0.0,0.0,0.0,0,0,0,1,0,0,0,0,0,0,0,0,1,0,0,0,0,0,1,0,1,0,0,0,0,1,0,25679.8944
16,2.77,1,0,0.0,512.0,0.0,0.0,0,0,0,1,0,0,0,0,0,0,0,0,1,0,0,0,0,0,1,0,0,0,1,0,0,0,1,82530.72
16,2.65,0,1,1024.0,256.0,0.0,0.0,0,0,0,1,0,0,0,0,0,0,1,0,0,0,0,0,0,0,1,0,0,0,1,0,0,0,1,79866.72
8,3.14,0,0,500.0,0.0,0.0,0.0,0,0,0,0,1,0,0,0,0,0,0,0,0,0,1,0,0,0,1,0,0,0,1,0,0,0,1,101657.7072
16,2.2,0,0,1024.0,256.0,0.0,0.0,0,0,0,0,0,0,1,0,0,0,1,0,0,0,0,0,0,0,1,0,0,0,1,0,0,0,1,69210.72
4,1.2,0,0,0.0,128.0,0.0,0.0,0,0,0,0,0,0,0,0,1,0,0,0,1,0,0,0,0,0,1,0,0,1,0,0,0,1,0,63669.6
4,2.2,0,0,500.0,0.0,0.0,0.0,0,0,0,0,0,1,0,0,0,0,0,0,1,0,0,0,0,0,1,0,0,0,0,1,0,1,0,18328.32
4,2.1,0,0,0.0,256.0,0.0,0.0,1,0,0,0,0,0,0,0,0,0,0,0,1,0,0,0,0,0,1,0,0,1,0,0,0,1,0,31914.72
8,3.0,0,1,1024.0,0.0,0.0,0.0,0,0,0,0,1,0,0,0,0,0,0,0,0,0,1,0,0,0,1,0,0,0,1,0,1,0,0,154458.72
8,1.9,0,1,0.0,256.0,0.0,0.0,0,0,0,0,0,1,0,0,0,0,0,0,1,0,0,0,0,0,1,0,0,1,0,0,0,1,0,57116.16
4,1.89,0,0,0.0,0.0,64.0,0.0,0,0,0,0,0,0,0,1,0,0,0,0,1,0,0,0,0,0,1,0,0,0,0,1,0,1,0,13261.392000000002
12,3.78,0,1,1024.0,0.0,0.0,0.0,0,0,0,0,1,0,0,0,0,0,1,0,0,0,0,0,0,0,1,0,0,0,1,0,0,0,1,90522.72
8,1.91,0,0,0.0,256.0,0.0,0.0,0,0,0,0,1,0,0,0,0,0,0,0,0,1,0,0,0,0,1,0,0,0,1,0,0,1,0,35111.52
16,1.71,1,0,0.0,256.0,0.0,0.0,0,0,0,0,0,0,0,1,0,1,0,0,0,0,0,0,0,0,1,0,0,0,1,0,1,0,0,95850.72
8,2.5,0,0,0.0,0.0,0.0,1024.0,0,0,0,0,0,1,0,0,0,0,0,0,1,0,0,0,0,0,1,0,0,1,0,0,1,0,0,42010.7472
8,1.95,0,0,0.0,256.0,0.0,0.0,0,0,0,0,1,0,0,0,0,0,0,0,1,0,0,0,0,0,1,0,0,1,0,0,0,1,0,63669.6
4,1.5,0,0,0.0,128.0,0.0,0.0,0,0,0,1,0,0,0,0,0,0,0,0,0,1,0,0,0,0,1,0,1,0,0,0,0,1,0,62176.1616
8,2.8,0,0,1024.0,128.0,0.0,0.0,0,0,0,1,0,0,0,0,0,0,0,0,1,0,0,0,0,0,1,0,0,1,0,0,1,0,0,57808.8
8,2.3,0,0,0.0,256.0,0.0,0.0,0,0,0,0,0,1,0,0,0,0,0,0,1,0,0,0,0,0,1,0,0,1,0,0,0,1,0,71874.72
8,2.0,0,0,0.0,256.0,0.0,0.0,0,0,0,0,1,0,0,0,0,0,0,0,0,0,1,0,0,0,1,0,0,0,1,0,0,0,1,101178.72
8,1.5,0,1,0.0,256.0,0.0,0.0,0,0,0,0,0,1,0,0,0,0,0,0,1,0,0,0,0,0,1,0,0,1,0,0,0,0,1,58554.72
8,1.44,0,1,0.0,256.0,0.0,0.0,0,0,0,0,0,1,0,0,0,0,0,0,1,0,0,0,0,0,1,0,0,1,0,0,0,1,0,51148.8
4,2.19,0,0,500.0,0.0,0.0,0.0,0,0,0,0,0,1,0,0,0,0,0,0,1,0,0,0,0,0,1,1,0,0,0,0,1,0,0,15877.44
8,2.36,0,0,1024.0,128.0,0.0,0.0,0,0,0,1,0,0,0,0,0,0,0,0,1,0,0,0,0,0,1,0,0,0,1,0,1,0,0,52161.12
8,2.24,0,0,1024.0,0.0,0.0,0.0,0,0,0,1,0,0,0,0,0,0,0,0,1,0,0,0,0,0,1,0,0,1,0,0,1,0,0,30103.2
8,1.17,0,0,0.0,256.0,0.0,0.0,0,0,0,0,0,0,0,1,0,0,0,0,0,1,0,0,0,0,1,0,0,0,1,0,0,1,0,90522.72
16,3.2,0,1,1024.0,256.0,0.0,0.0,0,0,0,0,0,1,0,0,0,0,1,0,0,0,0,0,0,0,1,0,0,0,1,0,0,0,1,79866.72
8,2.2,0,1,1024.0,128.0,0.0,0.0,0,0,0,0,1,0,0,0,0,0,1,0,0,0,0,0,0,0,1,0,0,0,1,0,0,0,1,58554.72
4,1.91,0,0,0.0,256.0,0.0,0.0,0,0,0,0,1,0,0,0,0,0,0,0,0,1,0,0,0,0,1,1,0,0,0,0,1,0,0,26586.72
4,1.44,0,1,0.0,180.0,0.0,0.0,0,0,0,0,0,1,0,0,0,0,0,0,1,0,0,0,0,0,1,0,1,0,0,0,0,1,0,39160.8
4,2.1,0,0,0.0,128.0,0.0,0.0,1,0,0,0,0,0,0,0,0,0,0,0,1,0,0,0,0,0,1,0,1,0,0,0,0,1,0,23922.72
8,2.2,0,0,1024.0,0.0,0.0,0.0,0,0,0,0,0,1,0,0,0,0,0,0,1,0,0,0,0,1,0,0,1,0,0,0,0,0,1,26586.72
8,2.4,0,0,1024.0,128.0,0.0,0.0,0,0,0,0,0,0,1,0,0,0,1,0,0,0,0,0,0,0,1,0,0,0,1,0,0,0,1,60888.384
4,1.35,0,1,0.0,0.0,32.0,0.0,1,0,0,0,0,0,0,0,0,0,0,1,0,0,0,0,0,1,0,0,0,0,0,1,0,1,0,18914.4
12,2.4,0,0,1024.0,128.0,0.0,0.0,1,0,0,0,0,0,0,0,0,0,0,0,1,0,0,0,0,0,1,0,0,1,0,0,0,0,1,53759.52
8,0.92,0,1,0.0,0.0,256.0,0.0,0,1,0,0,0,0,0,0,0,0,0,0,0,1,0,0,1,0,0,0,0,0,0,1,0,1,0,61964.64
8,2.29,0,0,1024.0,0.0,0.0,0.0,0,0,0,0,0,1,0,0,0,0,0,0,1,0,0,0,0,0,1,0,1,0,0,0,0,1,0,24455.52
8,1.7,0,0,0.0,256.0,0.0,0.0,0,0,0,1,0,0,0,0,0,0,0,0,0,1,0,0,0,0,1,0,0,1,0,0,0,1,0,46833.12
8,2.14,0,0,0.0,256.0,0.0,0.0,0,0,0,1,0,0,0,0,0,0,0,0,1,0,0,1,0,0,0,0,0,0,1,0,1,0,0,39164.5296
4,2.08,1,0,500.0,0.0,0.0,0.0,0,0,0,1,0,0,0,0,0,1,0,0,0,0,0,0,0,0,1,0,1,0,0,0,0,1,0,27119.52
4,2.8,0,0,1024.0,0.0,0.0,0.0,0,0,0,0,0,1,0,0,0,0,0,0,1,0,0,0,0,0,1,0,1,0,0,0,0,1,0,26053.92
4,2.1,0,0,1024.0,0.0,0.0,0.0,0,0,0,0,1,0,0,0,0,0,0,0,1,0,0,0,0,0,1,0,1,0,0,0,0,1,0,25467.84
8,1.5,0,1,0.0,256.0,0.0,0.0,0,0,0,0,0,0,0,0,1,0,0,0,1,0,0,0,0,0,1,0,0,1,0,0,0,1,0,51841.44
8,2.33,0,0,0.0,256.0,0.0,0.0,0,0,0,1,0,0,0,0,0,0,0,0,1,0,0,0,0,0,1,0,0,0,1,0,1,0,0,47898.72
16,2.43,0,0,1024.0,256.0,0.0,0.0,0,0,0,0,0,0,1,0,0,0,1,0,0,0,0,0,0,0,1,0,0,0,1,0,0,0,1,109165.392
4,2.1,0,0,1024.0,0.0,0.0,0.0,1,0,0,0,0,0,0,0,0,0,0,0,1,0,0,1,0,0,0,0,1,0,0,0,0,1,0,19553.76
4,1.85,0,0,1024.0,0.0,0.0,0.0,0,0,0,0,0,1,0,0,0,0,0,0,1,0,0,0,0,0,1,0,0,0,1,0,0,1,0,41505.12
4,2.04,0,0,500.0,0.0,0.0,0.0,0,0,0,0,1,0,0,0,0,0,0,0,1,0,0,0,0,0,1,0,1,0,0,0,0,1,0,36496.8
8,1.47,0,1,0.0,256.0,0.0,0.0,0,0,0,0,0,0,0,0,1,0,0,0,1,0,0,0,0,0,1,0,0,1,0,0,0,1,0,79387.2
8,1.54,0,0,0.0,512.0,0.0,0.0,0,0,0,0,1,0,0,0,0,0,0,0,0,1,0,0,0,0,1,0,0,0,1,0,0,1,0,99633.6
8,0.98,1,1,0.0,512.0,0.0,0.0,0,0,0,0,0,0,0,1,0,0,0,0,0,1,0,0,0,0,1,0,0,0,1,0,0,1,0,101178.72
4,2.15,0,0,1024.0,0.0,0.0,0.0,0,0,0,0,0,1,0,0,0,0,0,0,1,0,0,0,0,1,0,0,0,1,0,0,0,1,0,24634.008
4,1.8,1,1,0.0,256.0,0.0,0.0,0,0,0,0,0,1,0,0,0,1,0,0,0,0,0,0,0,0,1,0,0,0,1,0,0,1,0,45128.16
6,2.65,0,1,2048.0,0.0,0.0,0.0,0,0,0,0,1,0,0,0,0,0,0,0,1,0,0,0,0,0,1,1,0,0,0,0,1,0,0,30316.32
16,1.8,0,0,1024.0,256.0,0.0,0.0,0,0,0,0,0,0,1,0,0,0,1,0,0,0,0,0,0,0,1,0,0,0,1,0,0,0,1,111593.8944
4,1.3,0,1,0.0,0.0,32.0,0.0,0,0,0,0,0,0,0,1,0,0,0,0,1,0,0,0,0,0,1,0,0,0,0,1,0,1,0,13852.8
8,4.42,0,1,1024.0,0.0,0.0,0.0,0,0,0,1,0,0,0,0,0,0,0,0,1,0,0,0,0,0,1,0,0,0,1,0,0,0,1,109010.88
8,2.7,0,0,0.0,256.0,0.0,0.0,0,0,0,0,0,0,1,0,0,0,1,0,0,0,0,0,0,0,1,0,0,0,1,0,0,0,1,71874.72
16,2.4,0,0,1024.0,256.0,0.0,0.0,0,0,0,0,0,0,1,0,0,0,1,0,0,0,0,0,0,0,1,0,0,0,1,0,0,0,1,68944.31999999999
8,2.5,0,1,1024.0,128.0,0.0,0.0,0,0,0,0,0,1,0,0,0,0,1,0,0,0,0,0,0,0,1,0,0,0,1,0,0,0,1,55837.44
2,1.17,0,0,0.0,0.0,32.0,0.0,0,0,0,0,1,0,0,0,0,0,0,1,0,0,0,0,0,0,1,0,0,0,0,1,0,1,0,11135.52
8,2.32,0,0,1024.0,0.0,0.0,0.0,0,0,0,1,0,0,0,0,0,0,0,0,1,0,0,1,0,0,0,0,0,1,0,0,1,0,0,31409.6256
8,1.75,0,1,0.0,256.0,0.0,0.0,0,0,0,0,0,1,0,0,0,0,0,0,0,1,0,0,0,0,1,0,0,0,1,0,1,0,0,64755.44640000001
4,1.91,0,0,0.0,256.0,0.0,0.0,0,0,0,0,1,0,0,0,0,0,0,0,1,0,0,0,0,0,1,1,0,0,0,0,1,0,0,26053.3872
4,2.1,0,0,1024.0,0.0,0.0,0.0,0,0,0,0,1,0,0,0,0,0,0,0,1,0,0,0,0,0,1,0,1,0,0,0,1,0,0,24988.32
8,2.1,0,0,1024.0,0.0,0.0,0.0,1,0,0,0,0,0,0,0,0,0,0,0,1,0,0,0,0,0,1,0,1,0,0,0,0,1,0,20725.92
8,2.3,0,1,0.0,256.0,0.0,0.0,0,0,0,0,0,1,0,0,0,0,0,0,1,0,0,0,0,0,1,0,0,0,1,0,0,1,0,81465.12
8,1.11,0,1,0.0,256.0,0.0,0.0,0,0,0,0,1,0,0,0,0,0,0,0,1,0,0,0,0,0,1,0,0,1,0,0,0,1,0,61218.72
4,1.2,0,0,0.0,0.0,64.0,0.0,0,0,1,0,0,0,0,0,0,0,0,1,0,0,0,0,0,0,1,0,0,0,0,1,0,1,0,18115.2
8,2.2,0,0,1024.0,0.0,0.0,0.0,0,0,0,0,0,1,0,0,0,0,0,0,1,0,0,0,0,1,0,0,0,0,1,0,0,0,1,36496.8
4,2.18,0,0,0.0,128.0,0.0,0.0,0,0,0,1,0,0,0,0,0,0,0,0,1,0,0,1,0,0,0,0,0,1,0,0,1,0,0,30316.32
8,1.21,0,1,0.0,256.0,0.0,0.0,0,0,0,1,0,0,0,0,0,0,0,0,0,1,0,0,0,0,1,0,0,1,0,0,0,1,0,86793.12
8,1.43,0,0,0.0,256.0,0.0,0.0,0,0,0,0,1,0,0,0,0,0,0,0,0,1,0,0,0,0,1,0,0,0,1,0,0,1,0,79920.0
4,2.1,0,0,500.0,0.0,0.0,0.0,0,0,0,0,1,0,0,0,0,0,0,0,1,0,0,0,0,0,1,0,1,0,0,0,0,1,0,35616.6144
4,2.18,0,0,1024.0,0.0,0.0,0.0,0,0,0,1,0,0,0,0,0,0,0,0,1,0,0,1,0,0,0,0,1,0,0,0,1,0,0,24775.2
8,2.04,0,0,1024.0,0.0,0.0,0.0,0,0,0,0,1,0,0,0,0,0,0,0,1,0,0,0,0,0,1,0,0,1,0,0,0,1,0,42943.68
8,1.21,0,1,0.0,256.0,0.0,0.0,0,0,0,1,0,0,0,0,0,0,0,0,0,1,0,0,0,0,1,0,0,0,1,0,0,1,0,87858.72
16,2.73,0,0,1024.0,256.0,0.0,0.0,0,0,1,0,0,0,0,0,0,0,1,0,0,0,0,0,0,0,1,0,0,0,1,0,0,0,1,109218.672
16,2.34,0,1,1024.0,256.0,0.0,0.0,0,0,1,0,0,0,0,0,0,0,1,0,0,0,0,0,0,0,1,0,0,0,1,0,0,0,1,123876.0
4,1.7,0,0,0.0,180.0,0.0,0.0,0,0,0,0,0,1,0,0,0,0,0,0,0,1,0,0,0,0,1,0,0,1,0,0,0,1,0,58394.88
8,1.4,0,1,0.0,256.0,0.0,0.0,0,0,0,0,0,1,0,0,0,0,0,0,1,0,0,0,0,0,1,0,1,0,0,0,0,1,0,50562.72
6,2.1,0,0,1024.0,0.0,0.0,0.0,1,0,0,0,0,0,0,0,0,0,0,0,1,0,0,0,0,0,1,1,0,0,0,0,1,0,0,21791.52
8,1.47,0,1,0.0,256.0,0.0,0.0,0,0,0,0,0,0,0,0,1,0,0,0,0,1,0,0,0,0,1,0,0,0,1,0,0,1,0,91908.0
8,1.26,0,0,0.0,256.0,0.0,0.0,0,0,0,0,1,0,0,0,0,0,0,0,0,1,0,0,0,0,1,0,0,0,1,0,0,1,0,71874.72
4,1.86,0,0,500.0,0.0,0.0,0.0,0,0,0,0,1,0,0,0,0,0,0,0,1,0,0,0,0,1,0,0,1,0,0,0,0,1,0,18381.0672
8,2.1,0,1,0.0,256.0,0.0,0.0,0,0,0,0,0,1,0,0,0,0,0,0,1,0,0,0,0,0,1,0,0,0,1,0,1,0,0,65510.9568
4,2.18,0,0,1024.0,0.0,0.0,0.0,0,0,0,1,0,0,0,0,0,0,0,0,1,0,0,1,0,0,0,0,1,0,0,0,1,0,0,24279.696
4,2.0,0,0,500.0,0.0,0.0,0.0,0,0,1,0,0,0,0,0,0,0,0,0,1,0,0,1,0,0,0,0,0,0,0,1,0,1,0,11934.72
8,2.3,0,0,1024.0,0.0,0.0,0.0,0,0,1,0,0,0,0,0,0,0,0,0,1,0,0,1,0,0,0,0,0,1,0,0,0,0,1,27864.9072
8,2.56,0,0,1024.0,128.0,0.0,0.0,0,0,0,1,0,0,0,0,0,0,1,0,0,0,0,0,0,0,1,0,0,0,1,0,0,0,1,56502.9072
4,1.65,0,0,0.0,128.0,0.0,0.0,0,0,0,1,0,0,0,0,0,0,0,0,1,0,0,0,0,0,1,0,1,0,0,0,0,1,0,36709.92
16,1.24,1,0,0.0,512.0,0.0,0.0,0,0,0,0,0,0,0,0,1,0,0,0,0,1,0,0,0,0,1,0,0,0,1,0,0,1,0,99367.2
8,1.32,0,1,0.0,256.0,0.0,0.0,0,0,0,0,0,1,0,0,0,0,0,0,1,0,0,0,0,0,1,0,0,1,0,0,0,1,0,87912.0
4,2.2,0,0,1024.0,0.0,0.0,0.0,0,0,0,0,0,1,0,0,0,0,0,0,1,0,0,0,0,1,0,0,0,1,0,0,0,1,0,24881.76
16,2.32,0,0,2048.0,0.0,0.0,0.0,0,0,0,1,0,0,0,0,0,0,0,0,1,0,0,0,0,0,1,0,0,0,1,0,1,0,0,52746.6672
8,2.02,0,0,2048.0,256.0,0.0,0.0,0,0,0,1,0,0,0,0,0,0,0,0,1,0,0,0,0,0,1,0,0,0,1,0,1,0,0,60867.072
4,1.45,0,0,0.0,0.0,32.0,0.0,1,0,0,0,0,0,0,0,0,0,0,0,1,0,0,0,0,1,0,0,0,0,0,1,0,1,0,19980.0
4,2.0,0,0,500.0,0.0,0.0,0.0,0,0,1,0,0,0,0,0,0,0,0,0,1,0,0,0,0,0,1,1,0,0,0,0,1,0,0,18594.72
8,2.2,0,0,1024.0,128.0,0.0,0.0,0,0,0,0,0,0,1,0,0,0,1,0,0,0,0,0,0,0,1,0,0,0,1,0,0,0,1,78647.1408
4,1.63,1,1,0.0,128.0,0.0,0.0,0,0,0,0,1,0,0,0,0,1,0,0,0,0,0,0,0,0,1,0,1,0,0,0,0,0,1,37242.72
4,2.1,0,0,500.0,0.0,0.0,0.0,0,0,0,0,0,1,0,0,0,0,0,0,1,0,0,0,0,0,1,0,0,0,0,1,0,1,0,16943.04
8,1.88,0,0,0.0,256.0,0.0,0.0,0,0,0,0,1,0,0,0,0,0,0,0,1,0,0,0,0,0,1,0,0,1,0,0,0,1,0,84129.12
8,1.2,0,1,0.0,512.0,0.0,0.0,0,0,1,0,0,0,0,0,0,0,0,0,0,1,0,0,0,0,1,0,0,0,0,1,0,1,0,38841.12
4,2.1,0,0,500.0,0.0,0.0,0.0,0,0,0,0,0,0,0,0,1,0,0,0,1,0,0,0,0,0,1,0,1,0,0,0,0,1,0,23816.16
16,3.31,0,1,0.0,512.0,0.0,0.0,0,0,0,0,0,1,0,0,0,0,1,0,0,0,0,0,0,0,1,0,0,0,1,0,0,0,1,69530.4
16,2.9,0,1,1024.0,0.0,0.0,0.0,0,0,0,0,1,0,0,0,0,0,0,0,1,0,0,0,0,0,1,0,0,0,1,0,0,0,1,56423.52
8,1.34,0,1,0.0,256.0,0.0,0.0,0,0,0,0,1,0,0,0,0,0,0,0,1,0,0,0,0,0,1,0,0,1,0,0,0,1,0,63349.92
8,1.48,0,0,0.0,256.0,0.0,0.0,0,0,0,0,1,0,0,0,0,0,0,0,1,0,0,0,0,0,1,0,0,1,0,0,0,1,0,67559.04
8,1.64,0,0,0.0,256.0,0.0,0.0,0,0,0,0,1,0,0,0,0,0,0,0,1,0,0,0,0,0,1,0,0,0,1,0,0,0,1,63159.7104
8,1.37,0,1,0.0,256.0,0.0,0.0,0,1,0,0,0,0,0,0,0,0,0,0,0,1,0,0,1,0,0,0,0,1,0,0,0,1,0,80908.344
2,1.1,0,0,0.0,0.0,32.0,0.0,0,0,1,0,0,0,0,0,0,0,0,1,0,0,0,0,0,0,1,0,0,0,0,1,0,1,0,13053.6
8,2.2,0,0,0.0,256.0,0.0,0.0,1,0,0,0,0,0,0,0,0,0,0,0,1,0,0,0,0,0,1,1,0,0,0,0,1,0,0,35111.52
8,1.31,1,0,0.0,256.0,0.0,0.0,0,0,0,0,0,0,0,1,0,0,0,0,0,1,0,0,0,0,1,0,0,0,1,0,0,1,0,85194.72
6,2.4,0,0,1024.0,0.0,0.0,0.0,0,0,0,0,0,1,0,0,0,0,0,0,1,0,0,0,0,0,1,0,0,1,0,0,0,1,0,30049.92
8,1.26,0,0,0.0,256.0,0.0,0.0,0,0,0,0,1,0,0,0,0,0,0,0,0,1,0,0,0,0,1,0,0,0,1,0,0,1,0,122381.49599999998
4,1.26,0,0,500.0,0.0,0.0,0.0,0,0,0,0,1,0,0,0,0,0,0,0,0,1,0,0,0,0,1,0,0,1,0,0,0,1,0,84129.12
8,1.37,1,1,0.0,256.0,0.0,0.0,0,0,0,0,0,1,0,0,0,1,0,0,0,0,0,0,0,0,1,0,0,0,1,0,0,1,0,103896.0
8,1.2,0,0,0.0,256.0,0.0,0.0,0,0,0,0,0,0,0,0,1,0,0,0,0,1,0,0,0,0,1,0,0,0,1,0,0,1,0,72620.64
8,1.29,1,1,0.0,256.0,0.0,0.0,0,0,0,0,1,0,0,0,0,1,0,0,0,0,0,0,0,0,1,0,0,1,0,0,0,1,0,79866.72
8,1.6,0,0,0.0,256.0,0.0,0.0,0,0,0,1,0,0,0,0,0,0,0,0,1,0,0,0,0,0,1,0,0,1,0,0,0,1,0,64202.4
12,2.62,0,1,1024.0,128.0,0.0,0.0,0,0,0,0,1,0,0,0,0,0,1,0,0,0,0,0,0,0,1,0,0,0,1,0,0,0,1,66546.72
16,2.9,0,0,1024.0,256.0,0.0,0.0,0,0,1,0,0,0,0,0,0,0,1,0,0,0,0,0,0,0,1,0,0,0,1,0,0,0,1,128884.32
8,2.59,0,0,0.0,256.0,0.0,0.0,0,0,0,0,1,0,0,0,0,0,0,0,0,0,1,0,0,0,1,0,0,0,1,0,0,0,1,83170.08
8,1.32,0,1,0.0,256.0,0.0,0.0,0,0,0,0,1,0,0,0,0,0,0,0,0,1,0,0,0,0,1,0,0,0,1,0,0,1,0,74538.72
16,1.18,0,0,0.0,256.0,0.0,0.0,0,0,0,1,0,0,0,0,0,0,0,0,0,1,0,0,0,0,1,0,0,0,1,0,0,1,0,99047.52
4,1.86,0,0,500.0,0.0,0.0,0.0,0,0,0,0,1,0,0,0,0,0,0,0,1,0,0,0,0,1,0,1,0,0,0,0,1,0,0,13746.24
4,2.2,0,0,1024.0,0.0,0.0,0.0,0,0,0,0,0,1,0,0,0,0,0,0,1,0,0,0,0,1,0,0,0,0,0,1,0,1,0,17155.627200000003
4,2.4,0,0,500.0,0.0,0.0,0.0,1,0,0,0,0,0,0,0,0,0,0,0,1,0,0,0,0,0,1,0,0,1,0,0,0,1,0,29783.52
32,4.6,0,1,0.0,512.0,0.0,1024.0,0,0,0,0,0,1,0,0,0,0,1,0,0,0,0,0,0,0,1,0,0,0,1,0,0,0,1,172627.19999999998
4,2.2,0,0,500.0,0.0,0.0,0.0,0,0,0,0,0,1,0,0,0,0,0,0,1,0,0,0,0,0,1,1,0,0,0,0,1,0,0,15930.72
16,2.59,0,0,1024.0,0.0,0.0,0.0,0,0,0,1,0,0,0,0,0,0,1,0,0,0,0,0,0,0,1,0,0,0,1,0,0,0,1,46833.6528
4,2.1,0,0,1024.0,0.0,0.0,0.0,0,0,0,0,1,0,0,0,0,0,0,0,1,0,0,0,0,0,1,1,0,0,0,0,1,0,0,21205.44
4,2.2,0,0,500.0,0.0,0.0,0.0,0,0,0,1,0,0,0,0,0,0,0,0,1,0,0,1,0,0,0,0,0,0,0,1,0,1,0,14646.672
8,1.4,0,1,0.0,256.0,0.0,0.0,0,0,0,0,0,1,0,0,0,0,0,0,1,0,0,0,0,0,1,0,0,0,1,0,0,1,0,53812.8
8,1.39,1,0,0.0,256.0,0.0,0.0,0,0,0,0,1,0,0,0,0,0,0,0,0,1,0,0,0,0,1,0,0,0,1,0,0,1,0,61218.72
8,1.63,0,0,0.0,256.0,0.0,0.0,0,0,0,0,1,0,0,0,0,0,0,0,1,0,0,0,0,0,1,0,0,0,1,0,0,0,1,54931.68
16,3.2,0,1,1024.0,512.0,0.0,0.0,0,0,0,0,0,1,0,0,0,0,1,0,0,0,0,0,0,0,1,0,0,0,1,0,0,0,1,93186.72
4,1.2,0,0,0.0,0.0,16.0,0.0,0,0,1,0,0,0,0,0,0,0,0,1,0,0,0,0,0,1,0,0,0,0,0,1,0,1,0,15339.311999999998
8,2.7,0,1,1024.0,256.0,0.0,0.0,0,0,1,0,0,0,0,0,0,0,1,0,0,0,0,0,0,0,1,0,0,0,1,0,0,0,1,85194.72
8,2.65,0,0,0.0,256.0,0.0,0.0,0,0,0,1,0,0,0,0,0,0,1,0,0,0,0,0,0,0,1,0,0,1,0,0,0,0,1,63669.6
4,2.2,0,0,500.0,0.0,0.0,0.0,0,0,1,0,0,0,0,0,0,0,0,0,1,0,0,0,0,0,1,0,0,0,0,1,0,1,0,19660.32
4,1.9,0,0,1024.0,0.0,0.0,0.0,0,0,0,0,0,1,0,0,0,0,0,0,1,0,0,0,0,0,1,0,0,1,0,0,0,1,0,29250.72
8,2.5,0,0,1024.0,0.0,0.0,0.0,0,0,0,1,0,0,0,0,0,0,0,0,1,0,0,0,0,0,1,0,0,1,0,0,1,0,0,41771.52
8,3.0,0,1,0.0,256.0,0.0,0.0,1,0,0,0,0,0,0,0,0,0,0,0,1,0,0,0,0,0,1,0,0,0,1,0,0,0,1,50669.28
16,1.38,1,0,0.0,512.0,0.0,0.0,0,0,0,0,0,1,0,0,0,1,0,0,0,0,0,0,0,0,1,0,0,0,1,0,0,1,0,93186.72
16,2.65,0,1,1024.0,128.0,0.0,0.0,0,0,0,1,0,0,0,0,0,0,1,0,0,0,0,0,0,0,1,0,0,0,1,0,0,0,1,71874.72
16,2.5,0,0,0.0,512.0,0.0,0.0,0,0,0,0,0,1,0,0,0,0,0,0,1,0,0,0,0,0,1,0,0,0,1,0,0,0,1,130482.72
8,2.2,0,0,1024.0,128.0,0.0,0.0,0,0,0,0,0,0,1,0,0,0,1,0,0,0,0,0,0,0,1,0,0,0,1,0,0,0,1,63882.72
16,2.8,0,0,1024.0,256.0,0.0,0.0,0,0,0,0,0,0,1,0,0,0,1,0,0,0,0,0,0,0,1,0,0,0,1,0,0,0,1,100699.2
8,2.2,0,0,1024.0,0.0,0.0,0.0,0,0,1,0,0,0,0,0,0,0,1,0,0,0,0,0,0,0,1,0,0,0,1,0,0,0,1,50562.72
4,1.5,0,0,0.0,0.0,32.0,0.0,0,0,1,0,0,0,0,0,0,0,0,0,1,0,0,0,0,0,1,0,0,0,0,1,0,1,0,14811.84
6,2.19,0,0,1024.0,0.0,0.0,0.0,0,0,0,0,1,0,0,0,0,0,0,0,1,0,0,0,0,0,1,0,0,0,1,0,1,0,0,40705.92
8,2.62,0,0,0.0,256.0,0.0,0.0,0,0,0,1,0,0,0,0,0,0,1,0,0,0,0,0,0,0,1,0,0,1,0,0,0,0,1,52480.8
4,1.45,0,1,0.0,32.0,0.0,0.0,0,0,0,0,0,0,0,1,0,0,0,0,1,0,0,0,0,0,1,0,0,0,0,1,0,1,0,20725.92
4,2.4,0,0,500.0,0.0,0.0,0.0,1,0,0,0,0,0,0,0,0,0,0,0,1,0,0,1,0,0,0,0,0,1,0,0,0,1,0,23539.104
4,2.1,0,0,2048.0,0.0,0.0,0.0,0,0,0,0,0,1,0,0,0,0,0,0,1,0,0,0,0,0,1,0,0,1,0,0,0,1,0,33110.856
8,1.12,0,1,0.0,256.0,0.0,0.0,1,0,0,0,0,0,0,0,0,0,0,0,0,1,0,0,0,0,1,0,0,1,0,0,0,1,0,52693.92
16,3.2,0,0,1024.0,256.0,0.0,0.0,0,0,1,0,0,0,0,0,0,0,1,0,0,0,0,0,0,0,1,1,0,0,0,0,1,0,0,82530.72
4,1.8,1,1,0.0,128.0,0.0,0.0,0,0,0,0,0,1,0,0,0,1,0,0,0,0,0,0,0,0,1,0,0,0,1,0,0,1,0,33992.64
4,2.2,0,0,500.0,0.0,0.0,0.0,0,0,0,1,0,0,0,0,0,0,0,0,1,0,0,0,0,0,1,0,0,0,0,1,0,1,0,19660.32
4,2.1,0,0,1024.0,0.0,0.0,0.0,1,0,0,0,0,0,0,0,0,0,0,0,1,0,0,1,0,0,0,0,1,0,0,0,0,1,0,20779.2
16,2.06,0,0,0.0,512.0,0.0,0.0,0,0,0,1,0,0,0,0,0,0,0,0,1,0,0,0,0,0,1,0,0,0,1,0,0,0,1,101178.72
8,2.32,0,0,0.0,0.0,0.0,1024.0,0,0,0,0,0,1,0,0,0,0,0,0,1,0,0,0,0,0,1,0,0,0,1,0,1,0,0,47685.6
4,2.18,0,0,1024.0,0.0,0.0,0.0,0,0,0,1,0,0,0,0,0,0,0,0,1,0,0,0,0,0,1,0,1,0,0,0,1,0,0,32921.712
8,2.16,0,1,1024.0,256.0,0.0,0.0,0,0,0,1,0,0,0,0,0,0,0,0,1,0,0,0,0,0,1,0,0,0,1,0,0,0,1,60223.98239999999
2,1.42,0,0,0.0,0.0,32.0,0.0,0,0,0,0,0,1,0,0,0,0,0,0,1,0,0,0,0,0,1,0,0,0,0,1,0,1,0,13266.72
16,2.1,0,0,0.0,512.0,0.0,0.0,0,0,0,0,1,0,0,0,0,0,0,0,1,0,0,0,0,0,1,0,0,0,1,0,0,1,0,61751.52
8,2.37,0,0,0.0,256.0,0.0,0.0,0,0,1,0,0,0,0,0,0,0,0,0,1,0,0,0,0,0,1,0,0,1,0,0,0,1,0,58554.72
4,1.4,1,0,0.0,128.0,0.0,0.0,0,0,0,0,0,1,0,0,0,0,0,1,0,0,0,0,0,0,1,0,0,0,0,1,0,1,0,25308.0
8,2.18,0,0,1024.0,0.0,0.0,0.0,0,0,0,1,0,0,0,0,0,0,0,0,1,0,0,0,0,0,1,0,0,1,0,0,0,1,0,44542.08
4,2.2,0,0,1024.0,0.0,0.0,0.0,0,0,0,0,0,1,0,0,0,0,0,0,1,0,0,0,0,0,1,0,1,0,0,0,0,0,1,30849.12
4,1.95,0,0,500.0,0.0,0.0,0.0,0,0,0,1,0,0,0,0,0,0,0,0,1,0,0,0,0,0,1,0,0,1,0,0,0,1,0,38889.072
8,1.5,0,0,0.0,256.0,0.0,0.0,0,0,0,1,0,0,0,0,0,0,0,0,0,1,0,0,0,0,1,0,0,1,0,0,0,1,0,75289.968
4,2.2,0,1,0.0,0.0,16.0,0.0,1,0,0,0,0,0,0,0,0,0,0,0,1,0,0,0,0,1,0,0,0,0,0,1,0,1,0,19127.52
8,1.64,0,0,0.0,256.0,0.0,0.0,0,0,0,0,1,0,0,0,0,0,0,0,1,0,0,0,0,0,1,0,0,1,0,0,0,0,1,55904.5728
8,1.63,0,0,1024.0,0.0,0.0,0.0,0,0,0,0,1,0,0,0,0,0,0,0,1,0,0,0,0,0,1,0,0,1,0,0,0,1,0,43263.36
8,2.24,0,0,1024.0,128.0,0.0,0.0,0,0,1,0,0,0,0,0,0,0,1,0,0,0,0,0,0,0,1,0,0,0,1,0,0,0,1,71341.92
8,1.5,0,1,0.0,128.0,0.0,0.0,1,0,0,0,0,0,0,0,0,0,0,0,1,0,0,0,0,0,1,0,1,0,0,0,0,1,0,32980.32
8,1.63,0,0,0.0,512.0,0.0,0.0,0,0,0,0,1,0,0,0,0,0,0,0,1,0,0,0,0,0,1,0,0,0,1,0,0,1,0,57755.52
8,1.42,1,0,0.0,256.0,0.0,0.0,0,0,0,1,0,0,0,0,0,0,0,0,0,1,0,0,0,0,1,0,0,1,0,0,0,1,0,98133.768
8,2.0,0,0,1024.0,128.0,0.0,0.0,0,0,0,1,0,0,0,0,0,0,0,0,1,0,0,0,0,0,1,0,0,0,1,0,0,0,1,64308.96
4,1.5,0,0,500.0,0.0,0.0,0.0,0,0,0,1,0,0,0,0,0,0,0,0,0,1,0,0,0,0,1,0,1,0,0,0,0,1,0,60480.792
4,2.0,0,0,0.0,256.0,0.0,0.0,0,0,1,0,0,0,0,0,0,0,0,0,1,0,0,0,0,0,1,0,0,1,0,0,0,1,0,31232.203200000004
16,4.14,0,0,1024.0,128.0,0.0,0.0,0,0,0,0,0,0,1,0,0,0,1,0,0,0,0,0,0,0,1,0,0,0,1,0,0,0,1,117162.72
8,2.2,0,0,1024.0,128.0,0.0,0.0,0,0,0,0,0,0,1,0,0,0,1,0,0,0,0,0,0,0,1,0,0,1,0,0,0,0,1,58021.92
32,3.49,1,0,0.0,512.0,0.0,0.0,0,0,0,0,0,0,0,1,0,0,1,0,0,0,0,0,0,0,1,0,0,0,1,0,0,0,1,292986.72
8,1.7,0,0,0.0,256.0,0.0,0.0,0,0,1,0,0,0,0,0,0,0,0,0,1,0,0,0,0,0,1,0,0,0,1,0,0,0,1,59567.04
8,2.2,0,0,0.0,256.0,0.0,0.0,0,0,0,1,0,0,0,0,0,0,0,0,1,0,0,0,0,0,1,0,0,0,1,0,1,0,0,48964.32
8,1.43,0,0,0.0,256.0,0.0,0.0,0,0,0,0,1,0,0,0,0,0,0,0,1,0,0,0,0,0,1,0,0,1,0,0,0,1,0,78268.31999999999
4,2.1,0,0,0.0,128.0,0.0,0.0,1,0,0,0,0,0,0,0,0,0,0,0,1,0,0,1,0,0,0,0,1,0,0,0,0,1,0,21951.36
6,1.58,0,1,0.0,256.0,0.0,0.0,0,0,0,0,1,0,0,0,0,0,0,0,1,0,0,0,0,0,1,0,0,1,0,0,0,0,1,35111.52
8,1.99,0,0,1024.0,0.0,0.0,0.0,0,0,1,0,0,0,0,0,0,0,0,0,1,0,0,0,0,0,1,0,0,1,0,0,0,0,1,48304.7136
8,1.36,0,1,0.0,256.0,0.0,0.0,0,0,0,0,1,0,0,0,0,0,0,0,0,1,0,0,0,0,1,0,0,0,1,0,0,1,0,93240.0
8,2.5,0,0,1024.0,0.0,0.0,0.0,0,0,0,0,1,0,0,0,0,0,0,0,1,0,0,0,0,0,1,0,0,0,1,0,0,0,1,54239.04
8,2.0,0,1,500.0,0.0,0.0,0.0,0,0,0,0,0,0,0,0,1,0,0,0,1,0,0,0,0,0,1,0,0,1,0,0,0,1,0,56689.92
4,1.76,0,0,500.0,0.0,0.0,0.0,0,0,0,1,0,0,0,0,0,0,0,0,1,0,0,0,0,0,1,0,0,1,0,0,0,1,0,40226.4
8,1.26,0,0,0.0,256.0,0.0,0.0,0,0,0,0,1,0,0,0,0,0,0,1,0,0,0,0,0,0,1,0,0,1,0,0,0,1,0,88924.31999999999
8,1.13,0,1,0.0,512.0,0.0,0.0,0,0,0,0,0,1,0,0,0,0,0,0,0,1,0,0,0,0,1,0,0,0,1,0,0,1,0,133146.72
8,1.48,0,0,0.0,512.0,0.0,0.0,0,0,0,0,1,0,0,0,0,0,0,0,0,1,0,0,0,0,1,0,0,0,1,0,0,1,0,111301.92
4,2.2,0,0,0.0,128.0,0.0,0.0,0,0,0,0,0,1,0,0,0,0,0,0,1,0,0,0,0,1,0,0,1,0,0,0,0,1,0,19660.32
8,1.9,0,0,1024.0,0.0,0.0,0.0,0,0,0,1,0,0,0,0,0,0,0,0,0,1,0,0,0,0,1,0,0,1,0,0,1,0,0,35324.64
4,2.0,0,0,1024.0,0.0,0.0,0.0,0,0,1,0,0,0,0,0,0,0,0,0,1,0,0,0,0,0,1,0,1,0,0,0,0,1,0,23176.8
4,2.0,0,0,1024.0,0.0,0.0,0.0,0,0,1,0,0,0,0,0,0,0,0,0,1,0,0,1,0,0,0,0,0,0,0,1,0,1,0,21258.1872
8,2.62,0,0,1024.0,0.0,0.0,0.0,0,0,0,1,0,0,0,0,0,0,1,0,0,0,0,0,0,0,1,0,0,0,1,0,0,0,1,58554.72
8,2.5,0,1,1024.0,0.0,0.0,0.0,0,0,0,0,1,0,0,0,0,0,0,0,1,0,0,0,0,0,1,0,0,1,0,0,0,0,1,48697.92
8,2.2,0,0,1024.0,0.0,0.0,0.0,0,0,0,1,0,0,0,0,0,0,0,0,1,0,0,1,0,0,0,0,0,1,0,0,1,0,0,34472.16
8,1.37,0,1,0.0,256.0,0.0,0.0,0,1,0,0,0,0,0,0,0,0,0,0,0,1,0,0,1,0,0,0,0,1,0,0,0,1,0,96095.808
4,1.25,1,1,0.0,0.0,32.0,0.0,1,0,0,0,0,0,0,0,0,1,0,0,0,0,0,0,0,1,0,0,0,0,0,1,0,1,0,20193.12
8,1.94,0,0,2048.0,0.0,0.0,0.0,0,0,0,0,1,0,0,0,0,0,0,0,1,0,0,0,0,0,1,0,0,0,0,1,0,1,0,20725.92
4,1.86,0,0,0.0,256.0,0.0,0.0,0,0,0,0,1,0,0,0,0,0,0,0,1,0,0,0,0,0,1,1,0,0,0,0,1,0,0,21231.5472
4,2.18,0,0,1024.0,0.0,0.0,0.0,0,0,0,1,0,0,0,0,0,0,0,0,1,0,0,0,0,0,1,0,0,1,0,0,0,1,0,35004.96
4,2.23,0,0,0.0,256.0,0.0,0.0,1,0,0,0,0,0,0,0,0,0,0,0,1,0,0,0,0,0,1,0,0,1,0,0,0,0,1,36816.48
4,2.2,0,0,0.0,128.0,0.0,0.0,0,0,0,0,0,1,0,0,0,0,0,0,1,0,0,0,0,0,1,0,0,0,0,1,0,1,0,18594.72
4,1.54,0,0,500.0,0.0,0.0,0.0,0,0,0,0,1,0,0,0,0,0,0,0,1,0,0,0,0,0,1,0,0,1,0,0,0,1,0,54931.14719999999
16,1.47,0,1,0.0,512.0,0.0,0.0,0,0,0,0,0,0,0,0,1,0,0,0,0,1,0,0,0,0,1,0,0,0,1,0,0,0,1,93985.92
4,2.0,0,0,500.0,0.0,0.0,0.0,0,0,0,0,0,0,0,0,1,0,0,0,1,0,0,0,0,0,1,0,1,0,0,0,0,1,0,35644.32
4,2.18,0,0,0.0,128.0,0.0,0.0,0,0,0,1,0,0,0,0,0,0,0,0,1,0,0,0,0,0,1,0,1,0,0,0,0,1,0,29144.16
4,1.7,0,0,0.0,256.0,0.0,0.0,0,0,0,0,0,1,0,0,0,0,0,0,1,0,0,0,0,0,1,0,0,1,0,0,0,1,0,37242.72
8,2.5,0,0,1024.0,128.0,0.0,0.0,0,0,1,0,0,0,0,0,0,0,1,0,0,0,0,0,0,0,1,0,0,0,1,0,0,0,1,67399.2
12,2.2,0,0,2048.0,0.0,0.0,0.0,0,0,0,0,0,1,0,0,0,0,0,0,1,0,0,0,0,0,1,1,0,0,0,0,1,0,0,47898.72
4,1.54,0,0,0.0,256.0,0.0,0.0,0,0,0,0,1,0,0,0,0,0,0,0,1,0,0,0,0,0,1,0,0,1,0,0,0,1,0,58607.46719999999
8,2.23,0,0,0.0,256.0,0.0,0.0,1,0,0,0,0,0,0,0,0,0,0,0,1,0,0,0,0,0,1,1,0,0,0,0,1,0,0,24988.32
4,2.1,0,0,1024.0,0.0,0.0,0.0,1,0,0,0,0,0,0,0,0,0,0,0,1,0,0,0,0,0,1,0,1,0,0,0,0,1,0,23816.16
4,2.1,0,0,0.0,256.0,0.0,0.0,1,0,0,0,0,0,0,0,0,0,0,0,1,0,0,0,0,0,1,1,0,0,0,0,1,0,0,24029.28
16,2.7,0,0,1024.0,256.0,0.0,0.0,0,0,0,0,0,0,1,0,0,0,1,0,0,0,0,0,0,0,1,0,0,0,1,0,0,0,1,79536.38399999999
4,2.05,0,0,500.0,0.0,0.0,0.0,0,0,0,0,0,1,0,0,0,0,0,0,1,0,0,0,0,0,1,0,0,1,0,0,0,1,0,36496.8
4,1.2,1,0,0.0,0.0,64.0,0.0,0,0,1,0,0,0,0,0,0,1,0,0,0,0,0,0,0,1,0,0,0,0,0,1,0,1,0,35644.32
8,2.7,0,0,1024.0,128.0,0.0,0.0,0,0,0,0,0,0,1,0,0,0,1,0,0,0,0,0,0,0,1,0,0,0,1,0,0,0,1,79215.1056
4,0.69,1,1,0.0,0.0,64.0,0.0,0,0,0,0,0,1,0,0,0,1,0,0,0,0,0,0,0,1,0,0,0,0,0,1,0,1,0,16996.32
16,4.6,0,1,1024.0,128.0,0.0,0.0,0,0,0,0,0,1,0,0,0,0,1,0,0,0,0,0,0,0,1,0,0,0,1,0,0,0,1,122010.66719999998
8,1.3,0,0,0.0,256.0,0.0,0.0,0,0,0,1,0,0,0,0,0,0,0,0,0,1,0,0,0,0,1,0,0,0,1,0,0,1,0,67559.04
8,2.2,0,0,1024.0,128.0,0.0,0.0,0,0,0,1,0,0,0,0,0,0,0,0,1,0,0,0,0,0,1,0,0,1,0,0,1,0,0,38308.32
8,2.0,0,0,0.0,256.0,0.0,0.0,0,0,0,1,0,0,0,0,0,0,0,0,1,0,0,0,0,0,1,0,1,0,0,0,1,0,0,39373.92
8,1.7,0,0,0.0,256.0,0.0,0.0,0,0,0,0,0,1,0,0,0,0,0,0,1,0,0,0,0,0,1,0,0,1,0,0,0,1,0,63190.08
8,2.6,0,0,0.0,256.0,0.0,0.0,0,0,0,0,1,0,0,0,0,0,0,0,0,0,1,0,0,0,1,0,0,0,1,0,0,0,1,92615.0256
4,1.86,0,0,500.0,0.0,0.0,0.0,0,0,0,0,1,0,0,0,0,0,0,0,1,0,0,0,0,0,1,1,0,0,0,0,1,0,0,21258.72
8,2.4,0,1,0.0,256.0,0.0,0.0,0,0,0,0,0,1,0,0,0,0,1,0,0,0,0,0,0,1,0,0,0,0,1,0,0,0,1,46300.32
8,1.29,1,1,0.0,512.0,0.0,0.0,0,0,0,0,1,0,0,0,0,1,0,0,0,0,0,0,0,0,1,0,0,0,1,0,0,1,0,106506.72
4,1.65,0,0,0.0,0.0,32.0,0.0,0,0,1,0,0,0,0,0,0,0,0,0,1,0,0,0,0,0,1,0,0,0,0,1,0,1,0,18541.44
8,1.5,1,0,0.0,256.0,0.0,0.0,0,0,0,1,0,0,0,0,0,0,0,0,0,1,0,0,0,0,1,0,0,0,1,0,0,1,0,104587.57439999998
8,2.2,0,0,1024.0,128.0,0.0,0.0,0,0,0,0,0,0,1,0,0,0,1,0,0,0,0,0,0,0,1,0,0,0,1,0,0,0,1,63499.10399999999
16,1.13,0,1,0.0,1024.0,0.0,0.0,0,0,0,0,0,1,0,0,0,0,0,0,0,1,0,0,0,0,1,0,0,0,1,0,0,1,0,139860.0
4,2.2,0,0,500.0,0.0,0.0,0.0,1,0,0,0,0,0,0,0,0,0,0,0,1,0,0,0,0,0,1,0,0,0,1,0,0,0,1,34045.92
8,2.3,0,1,0.0,256.0,0.0,0.0,0,0,0,0,0,1,0,0,0,0,0,0,1,0,0,0,0,1,0,0,0,1,0,0,0,1,0,30529.44
8,1.48,0,0,0.0,256.0,0.0,0.0,0,0,0,0,1,0,0,0,0,0,0,0,1,0,0,0,0,0,1,0,0,0,1,0,0,1,0,68837.76
8,1.22,1,1,0.0,128.0,0.0,0.0,0,0,0,1,0,0,0,0,0,0,0,0,0,1,0,0,0,0,1,0,0,1,0,0,0,1,0,52161.12
8,1.19,1,1,0.0,512.0,0.0,0.0,0,0,0,0,0,1,0,0,0,1,0,0,0,0,0,0,0,0,1,0,0,0,1,0,0,1,0,79866.72
4,1.44,0,0,0.0,0.0,64.0,0.0,0,0,0,0,0,1,0,0,0,0,0,0,1,0,0,0,0,0,1,0,0,0,0,1,0,1,0,13266.72
8,1.13,0,1,0.0,0.0,256.0,0.0,0,0,0,0,0,1,0,0,0,0,0,0,0,1,0,0,0,0,1,0,0,1,0,0,0,1,0,99900.0
16,1.22,1,0,0.0,256.0,0.0,0.0,0,0,0,1,0,0,0,0,0,1,0,0,0,0,0,0,0,0,1,0,0,0,1,0,0,1,0,87858.72
8,1.44,0,0,0.0,256.0,0.0,0.0,0,0,0,0,0,1,0,0,0,0,0,0,1,0,0,0,0,0,1,0,0,1,0,0,0,1,0,50562.72
4,1.76,0,0,500.0,0.0,0.0,0.0,0,0,0,1,0,0,0,0,0,0,0,0,1,0,0,0,0,0,1,0,1,0,0,0,0,1,0,31168.8
8,2.62,0,0,1024.0,128.0,0.0,0.0,0,0,0,1,0,0,0,0,0,0,1,0,0,0,0,0,0,0,1,0,0,0,1,0,0,0,1,79813.44
8,1.36,0,0,0.0,512.0,0.0,0.0,0,0,0,1,0,0,0,0,0,0,0,0,0,1,0,0,0,0,1,0,0,0,1,0,0,1,0,89510.4
4,2.18,0,0,1024.0,0.0,0.0,0.0,0,0,0,1,0,0,0,0,0,0,0,0,1,0,0,0,0,0,1,0,0,1,0,0,1,0,0,36496.2672
4,1.23,0,0,0.0,0.0,16.0,0.0,0,0,0,0,1,0,0,0,0,0,0,1,0,0,0,0,0,1,0,0,0,0,0,1,0,1,0,20512.8
8,1.2,0,0,0.0,256.0,0.0,0.0,0,0,0,0,0,0,0,0,1,0,0,0,0,1,0,0,0,0,1,0,0,1,0,0,0,1,0,58341.6
4,1.86,0,0,0.0,256.0,0.0,0.0,0,0,0,0,1,0,0,0,0,0,0,0,1,0,0,0,0,0,1,0,0,0,0,1,0,1,0,21258.1872
16,4.42,0,1,1024.0,256.0,0.0,0.0,0,0,0,1,0,0,0,0,0,0,1,0,0,0,0,0,0,0,1,0,0,0,1,0,0,0,1,152859.7872
16,2.2,0,0,1024.0,128.0,0.0,0.0,0,0,1,0,0,0,0,0,0,0,0,0,1,0,0,0,0,0,1,0,0,0,1,0,0,0,1,93186.72
16,2.4,0,1,0.0,256.0,0.0,0.0,0,0,0,0,0,0,0,0,1,0,0,0,1,0,0,0,0,0,1,0,0,0,1,0,0,0,1,75924.0
4,1.86,0,0,1024.0,0.0,0.0,0.0,0,0,0,0,1,0,0,0,0,0,0,0,1,0,0,0,0,0,1,0,0,1,0,0,0,1,0,26037.4032
8,2.3,0,0,1024.0,0.0,0.0,0.0,0,0,0,1,0,0,0,0,0,0,0,0,1,0,0,0,0,0,1,0,1,0,0,0,0,1,0,24455.52
8,2.2,0,0,2048.0,128.0,0.0,0.0,0,0,0,1,0,0,0,0,0,0,0,0,1,0,0,0,0,0,1,0,0,0,1,0,1,0,0,52480.8
12,3.74,0,1,1024.0,0.0,0.0,0.0,0,0,0,0,1,0,0,0,0,0,1,0,0,0,0,0,0,0,1,0,0,0,1,0,1,0,0,93186.72
4,2.07,0,0,500.0,0.0,0.0,0.0,0,0,0,0,1,0,0,0,0,0,0,0,1,0,0,0,0,0,1,0,1,0,0,0,0,1,0,34632.0
4,2.1,0,0,500.0,0.0,0.0,0.0,0,0,0,0,1,0,0,0,0,0,0,0,1,0,0,0,0,1,0,0,0,1,0,0,0,1,0,25414.0272
4,2.2,0,0,500.0,0.0,0.0,0.0,0,0,1,0,0,0,0,0,0,0,0,0,1,0,0,0,0,0,1,0,0,0,0,1,0,1,0,19660.32
16,1.7,0,0,0.0,512.0,0.0,0.0,0,0,0,0,0,1,0,0,0,0,0,0,0,1,0,0,0,0,1,0,0,0,1,0,0,1,0,122490.72
4,2.25,0,0,500.0,0.0,0.0,0.0,0,0,0,1,0,0,0,0,0,0,0,0,1,0,0,0,0,0,1,0,0,1,0,0,1,0,0,31914.72
16,1.3,1,1,0.0,512.0,0.0,0.0,0,0,0,0,0,1,0,0,0,1,0,0,0,0,0,0,0,0,1,0,0,0,1,0,0,1,0,79866.72
16,0.91,0,0,0.0,512.0,0.0,0.0,0,0,1,0,0,0,0,0,0,0,0,0,0,1,0,0,0,0,1,0,0,0,1,0,0,1,0,103896.0
4,1.48,0,0,0.0,256.0,0.0,0.0,0,0,0,0,1,0,0,0,0,0,0,0,0,1,0,0,0,0,1,0,0,1,0,0,0,1,0,57648.96
8,1.37,1,1,0.0,256.0,0.0,0.0,0,0,0,0,0,1,0,0,0,1,0,0,0,0,0,0,0,0,1,0,0,0,1,0,0,1,0,93635.3376
8,1.36,0,1,0.0,256.0,0.0,0.0,0,0,0,0,0,1,0,0,0,0,0,0,0,1,0,0,0,0,1,0,0,1,0,0,0,1,0,93772.8
4,2.2,0,0,500.0,0.0,0.0,0.0,0,0,0,0,0,1,0,0,0,0,0,0,1,0,0,0,0,0,1,0,0,1,0,0,0,1,0,28504.8
8,1.96,0,1,0.0,256.0,0.0,0.0,0,0,0,0,0,1,0,0,0,0,0,0,0,1,0,0,0,0,1,0,0,0,1,0,0,0,1,101391.84
4,2.23,0,0,500.0,0.0,0.0,0.0,1,0,0,0,0,0,0,0,0,0,0,0,1,0,0,0,0,0,1,0,0,1,0,0,0,1,0,32980.32
8,1.7,0,0,0.0,256.0,0.0,0.0,0,0,1,0,0,0,0,0,0,0,0,0,0,1,0,0,0,0,1,0,0,1,0,0,0,0,1,52054.56
8,2.2,0,0,1024.0,0.0,0.0,0.0,0,0,0,0,0,1,0,0,0,0,0,0,1,0,0,0,0,0,1,0,0,0,1,0,0,0,1,47898.72
4,2.65,0,0,1024.0,0.0,0.0,0.0,0,0,1,0,0,0,0,0,0,0,0,0,1,0,0,0,0,0,1,0,0,0,0,1,0,1,0,16463.52
16,3.49,0,0,1024.0,256.0,0.0,0.0,0,0,0,1,0,0,0,0,0,0,1,0,0,0,0,0,0,0,1,0,0,0,1,0,0,0,1,149916.6
4,2.02,0,0,500.0,0.0,0.0,0.0,0,0,0,0,0,1,0,0,0,0,0,0,1,0,0,0,0,0,1,0,0,1,0,0,0,1,0,52747.2
4,2.4,0,0,500.0,0.0,0.0,0.0,1,0,0,0,0,0,0,0,0,0,0,0,1,0,0,1,0,0,0,0,1,0,0,0,0,1,0,19276.704
16,1.83,0,1,0.0,512.0,0.0,0.0,0,1,0,0,0,0,0,0,0,0,0,0,0,1,0,0,1,0,0,0,0,0,1,0,1,0,0,152274.24
4,1.65,0,0,0.0,64.0,0.0,0.0,0,0,1,0,0,0,0,0,0,0,0,0,1,0,0,0,0,0,1,1,0,0,0,0,1,0,0,14811.3072
8,2.31,0,0,0.0,256.0,0.0,0.0,0,0,0,0,1,0,0,0,0,0,0,0,1,0,0,0,0,0,1,0,0,1,0,0,0,1,0,62071.2
12,2.19,1,1,0.0,512.0,0.0,0.0,0,0,0,1,0,0,0,0,0,1,0,0,0,0,0,0,0,0,1,0,0,0,1,0,0,1,0,69210.72
2,2.2,0,0,500.0,0.0,0.0,0.0,0,0,0,1,0,0,0,0,0,0,0,0,1,0,0,0,0,0,1,0,0,0,0,1,0,1,0,20193.12
16,1.42,1,0,0.0,1024.0,0.0,0.0,0,0,0,0,0,1,0,0,0,1,0,0,0,0,0,0,0,0,1,0,0,0,1,0,0,1,0,150462.72
4,1.9,0,0,0.0,128.0,0.0,0.0,0,0,0,0,0,1,0,0,0,0,0,0,1,0,0,0,0,1,0,0,0,0,0,1,0,1,0,14418.6336
2,1.5,0,0,0.0,0.0,64.0,0.0,0,0,0,0,0,1,0,0,0,0,0,0,1,0,0,0,0,0,1,0,0,0,0,1,0,1,0,12201.12
8,2.2,0,1,0.0,256.0,0.0,0.0,0,0,0,0,0,0,0,0,1,0,0,0,1,0,0,0,0,0,1,0,0,0,1,0,0,1,0,74538.72
16,2.02,0,0,2048.0,256.0,0.0,0.0,0,0,0,1,0,0,0,0,0,0,0,0,1,0,0,1,0,0,0,0,0,0,1,0,1,0,0,55890.72
16,2.9,0,0,1024.0,256.0,0.0,0.0,0,0,1,0,0,0,0,0,0,0,1,0,0,0,0,0,0,0,1,0,0,0,1,0,0,0,1,113060.16
8,2.17,0,0,0.0,256.0,0.0,0.0,0,0,0,0,0,1,0,0,0,0,0,0,1,0,0,0,0,0,1,0,0,0,1,0,0,1,0,47893.39199999999
8,1.8,1,1,0.0,256.0,0.0,0.0,0,0,0,0,0,1,0,0,0,1,0,0,0,0,0,0,0,0,1,0,0,0,1,0,0,1,0,88924.31999999999
4,2.31,0,0,500.0,0.0,0.0,0.0,0,0,0,0,1,0,0,0,0,0,0,0,1,0,0,0,0,0,1,0,0,1,0,0,0,1,0,50083.2
24,2.24,0,0,0.0,512.0,0.0,0.0,0,0,1,0,0,0,0,0,0,0,1,0,0,0,0,0,0,0,1,0,0,0,1,0,0,0,1,158135.04
8,1.78,0,0,0.0,256.0,0.0,0.0,0,0,0,1,0,0,0,0,0,0,0,0,0,0,1,0,0,0,1,0,0,0,1,0,0,0,1,128298.24
8,1.1,1,0,0.0,256.0,0.0,0.0,0,0,1,0,0,0,0,0,0,1,0,0,0,0,0,0,0,0,1,0,0,1,0,0,0,1,0,70063.2
8,2.2,0,0,0.0,256.0,0.0,0.0,0,0,0,1,0,0,0,0,0,0,0,0,1,0,0,0,0,0,1,0,0,0,1,0,1,0,0,39693.6
4,1.87,0,0,500.0,0.0,0.0,0.0,0,0,0,0,0,1,0,0,0,0,0,0,1,0,0,0,0,0,1,0,0,1,0,0,0,1,0,41824.8
8,3.31,0,1,1024.0,128.0,0.0,0.0,0,0,0,0,0,1,0,0,0,0,1,0,0,0,0,0,0,0,1,0,0,0,1,0,0,0,1,63722.88
8,0.92,0,1,0.0,0.0,256.0,0.0,0,1,0,0,0,0,0,0,0,0,0,0,0,1,0,0,1,0,0,0,0,0,0,1,0,1,0,69264.0
8,1.43,0,0,0.0,256.0,0.0,0.0,0,0,0,0,1,0,0,0,0,0,0,0,1,0,0,0,0,0,1,0,0,0,1,0,0,1,0,118761.12
4,1.4,0,1,0.0,256.0,0.0,0.0,0,0,0,1,0,0,0,0,0,0,0,0,0,1,0,0,0,0,1,0,0,1,0,0,1,0,0,43601.688
4,1.25,1,1,0.0,0.0,32.0,0.0,1,0,0,0,0,0,0,0,0,1,0,0,0,0,0,0,0,1,0,0,0,0,0,1,0,1,0,20725.92
4,2.18,0,0,1024.0,0.0,0.0,0.0,0,0,0,1,0,0,0,0,0,0,0,0,1,0,0,1,0,0,0,0,0,1,0,0,0,1,0,27804.7008
6,2.2,0,0,0.0,256.0,0.0,0.0,0,0,0,0,0,1,0,0,0,0,0,0,1,0,0,0,0,0,1,0,0,1,0,0,0,1,0,30849.12
8,1.95,0,0,0.0,128.0,0.0,0.0,0,0,0,1,0,0,0,0,0,0,0,0,1,0,0,0,0,0,1,0,0,1,0,0,0,1,0,43156.8
8,2.2,0,0,0.0,256.0,0.0,0.0,1,0,0,0,0,0,0,0,0,0,0,0,1,0,0,0,0,0,1,0,0,0,1,0,0,0,1,44328.96
8,1.35,0,0,0.0,0.0,128.0,0.0,0,1,0,0,0,0,0,0,0,0,0,0,0,1,0,0,1,0,0,0,0,1,0,0,0,1,0,58554.72
16,1.1,1,0,0.0,512.0,0.0,0.0,0,0,0,0,0,0,0,1,0,0,0,0,0,1,0,0,0,1,0,0,0,0,1,0,0,1,0,117162.72
6,2.04,0,0,0.0,0.0,0.0,1024.0,0,0,0,0,1,0,0,0,0,0,0,0,1,0,0,0,0,0,1,1,0,0,0,0,1,0,0,29303.4672
8,1.9,0,0,1024.0,0.0,0.0,0.0,0,0,0,0,1,0,0,0,0,0,0,0,1,0,0,0,0,0,1,0,0,0,1,0,1,0,0,67612.31999999999
8,2.8,0,1,1024.0,128.0,0.0,0.0,0,0,0,1,0,0,0,0,0,0,0,0,1,0,0,0,0,0,1,0,0,1,0,0,1,0,0,52161.12
16,3.0,0,1,0.0,256.0,0.0,0.0,0,0,0,0,1,0,0,0,0,0,0,0,0,0,1,0,0,0,1,0,0,0,0,1,0,0,1,233845.92
8,1.84,0,0,500.0,256.0,0.0,0.0,0,0,0,0,1,0,0,0,0,0,0,0,1,0,0,0,0,0,1,0,0,1,0,0,0,1,0,112065.9552
12,1.4,0,1,0.0,256.0,0.0,0.0,0,0,0,0,0,1,0,0,0,0,0,0,0,1,0,0,0,0,1,0,0,0,1,0,0,1,0,98994.24
4,0.69,1,1,0.0,0.0,64.0,0.0,0,0,0,0,0,1,0,0,0,1,0,0,0,0,0,0,0,1,0,0,0,0,0,1,0,1,0,29250.72
6,2.04,0,0,0.0,0.0,0.0,1024.0,0,0,0,0,1,0,0,0,0,0,0,0,1,0,0,0,0,0,1,1,0,0,0,0,1,0,0,29303.4672
4,2.2,0,0,1024.0,0.0,0.0,0.0,0,0,0,1,0,0,0,0,0,0,0,0,1,0,0,0,0,0,1,0,1,0,0,0,1,0,0,29073.297599999994
16,4.3,0,1,1024.0,512.0,0.0,0.0,0,0,1,0,0,0,0,0,0,0,1,0,0,0,0,0,0,0,1,0,0,0,1,0,0,0,1,114552.0
16,2.06,1,0,0.0,1024.0,0.0,0.0,0,0,0,1,0,0,0,0,0,0,0,0,1,0,0,0,0,0,1,0,0,0,1,0,0,0,1,127818.72
8,2.4,0,1,1024.0,128.0,0.0,0.0,0,0,0,0,0,1,0,0,0,0,1,0,0,0,0,0,0,1,0,0,0,1,0,0,0,0,1,52693.92
4,2.4,0,0,500.0,0.0,0.0,0.0,1,0,0,0,0,0,0,0,0,0,0,0,1,0,0,0,0,0,1,1,0,0,0,0,1,0,0,20619.36
8,1.98,0,0,0.0,256.0,0.0,0.0,0,0,0,1,0,0,0,0,0,0,0,0,1,0,0,1,0,0,0,0,0,0,1,0,0,0,1,47686.1328
8,3.14,0,0,0.0,256.0,0.0,0.0,0,0,0,0,1,0,0,0,0,0,0,0,0,0,1,0,0,0,1,0,0,0,1,0,0,0,1,110017.872
4,2.03,0,0,1024.0,0.0,0.0,0.0,0,0,1,0,0,0,0,0,0,0,0,0,1,0,0,0,0,0,1,1,0,0,0,0,1,0,0,21471.84
8,1.24,1,0,0.0,256.0,0.0,0.0,0,0,0,1,0,0,0,0,0,1,0,0,0,0,0,0,0,0,1,0,0,1,0,0,0,1,0,101178.72
4,1.25,0,0,0.0,128.0,0.0,0.0,0,0,0,0,0,0,0,0,1,0,0,0,0,1,0,0,0,0,1,0,0,1,0,0,0,1,0,58075.2
4,2.1,1,1,0.0,256.0,0.0,0.0,0,0,0,0,0,1,0,0,0,1,0,0,0,0,0,0,0,0,1,0,0,1,0,0,0,1,0,46193.76
8,1.28,0,1,0.0,256.0,0.0,0.0,0,0,0,0,0,0,0,1,0,0,0,0,0,1,0,0,0,0,1,0,0,1,0,0,0,0,1,49816.8
8,2.04,0,0,0.0,256.0,0.0,0.0,0,0,0,0,1,0,0,0,0,0,0,0,1,0,0,0,0,0,1,0,0,0,1,0,0,0,1,54291.78719999999
4,1.9,0,0,0.0,128.0,0.0,0.0,0,0,0,0,0,1,0,0,0,0,0,0,1,0,0,0,0,0,1,0,0,1,0,0,0,1,0,26533.44
4,1.86,0,0,500.0,0.0,0.0,0.0,0,0,0,0,1,0,0,0,0,0,0,0,1,0,0,0,0,0,1,0,0,1,0,0,0,1,0,25840.8
8,2.4,0,1,1024.0,256.0,0.0,0.0,0,0,0,0,0,1,0,0,0,0,1,0,0,0,0,0,0,1,0,0,0,0,1,0,0,0,1,61218.72
4,2.4,0,0,0.0,128.0,0.0,0.0,0,0,0,0,1,0,0,0,0,0,0,1,0,0,0,0,0,0,1,0,0,1,0,0,0,1,0,85194.72
8,1.38,0,1,0.0,256.0,0.0,0.0,0,0,0,0,1,0,0,0,0,0,0,0,0,1,0,0,0,0,1,0,0,0,1,0,0,0,1,59620.32
16,3.78,0,1,1024.0,256.0,0.0,0.0,0,0,0,0,1,0,0,0,0,0,1,0,0,0,0,0,0,0,1,0,0,0,1,0,0,0,1,79813.44
2,2.2,0,0,500.0,0.0,0.0,0.0,0,0,0,1,0,0,0,0,0,0,0,0,1,0,0,0,0,0,1,0,0,0,0,1,0,1,0,20193.12
8,1.49,0,0,0.0,512.0,0.0,0.0,0,0,0,0,1,0,0,0,0,0,0,0,1,0,0,0,0,0,1,0,0,0,1,0,0,1,0,58767.84
8,2.62,0,0,0.0,0.0,0.0,1024.0,0,0,0,1,0,0,0,0,0,0,1,0,0,0,0,0,0,0,1,0,0,0,1,0,0,0,1,47898.72
8,2.5,0,0,0.0,256.0,0.0,0.0,1,0,0,0,0,0,0,0,0,0,0,0,1,0,0,1,0,0,0,0,0,0,1,0,0,0,1,46833.12
8,1.21,1,1,0.0,256.0,0.0,0.0,0,0,0,1,0,0,0,0,0,0,0,0,0,1,0,0,0,0,1,0,0,0,1,0,0,1,0,103842.72
16,2.7,0,0,1024.0,256.0,0.0,0.0,0,0,0,0,0,0,1,0,0,0,1,0,0,0,0,0,0,0,1,0,0,0,1,0,0,0,1,85141.44
16,1.3,0,0,0.0,512.0,0.0,0.0,0,0,1,0,0,0,0,0,0,0,0,0,0,1,0,0,0,0,1,0,0,0,1,0,0,0,1,79653.59999999999
4,1.49,0,0,500.0,0.0,0.0,0.0,0,0,0,0,1,0,0,0,0,0,0,0,1,0,0,0,0,0,1,0,1,0,0,0,0,1,0,42624.0
8,2.04,0,0,0.0,256.0,0.0,0.0,0,0,0,0,1,0,0,0,0,0,0,0,1,0,0,0,0,0,1,0,0,0,1,0,0,1,0,57009.6
8,2.31,0,1,0.0,512.0,0.0,0.0,0,0,0,0,1,0,0,0,0,0,0,0,0,0,1,0,0,0,1,0,0,0,1,0,0,1,0,81731.52
8,1.37,1,1,0.0,512.0,0.0,0.0,0,0,0,0,0,1,0,0,0,1,0,0,0,0,0,0,0,0,1,0,0,0,1,0,0,1,0,98514.72
8,2.62,0,0,1024.0,0.0,0.0,0.0,0,0,0,1,0,0,0,0,0,0,1,0,0,0,0,1,0,0,0,0,0,0,1,0,0,0,1,49497.12
8,1.88,0,0,0.0,256.0,0.0,0.0,0,0,0,0,1,0,0,0,0,0,0,0,0,1,0,0,0,0,1,0,0,0,1,0,0,1,0,115709.2416
4,1.28,1,0,0.0,256.0,0.0,0.0,0,0,0,0,1,0,0,0,0,1,0,0,0,0,0,0,0,0,1,0,0,1,0,0,0,1,0,90576.0
16,1.95,0,0,0.0,1024.0,0.0,0.0,0,0,0,0,0,0,0,1,0,0,1,0,0,0,0,0,0,0,1,0,0,0,1,0,0,0,1,186426.72
8,2.2,0,0,0.0,256.0,0.0,0.0,0,0,0,0,0,0,0,1,0,0,0,0,1,0,0,0,0,0,1,0,0,1,0,0,0,1,0,42570.72
16,2.4,0,1,2048.0,256.0,0.0,0.0,0,0,0,0,0,1,0,0,0,0,1,0,0,0,0,0,0,0,1,0,0,0,1,0,0,0,1,60153.12
4,1.35,0,0,0.0,0.0,32.0,0.0,0,0,0,0,0,0,0,1,0,0,0,0,1,0,0,0,0,0,1,0,0,0,0,1,0,1,0,10442.88
4,2.1,0,1,500.0,0.0,0.0,0.0,0,0,0,0,1,0,0,0,0,0,0,0,1,0,0,0,0,0,1,0,0,1,0,0,0,1,0,38468.16
16,2.56,0,0,0.0,512.0,0.0,0.0,0,0,0,1,0,0,0,0,0,0,1,0,0,0,0,0,0,0,1,0,0,0,1,0,0,0,1,66560.5728
8,1.1,1,0,0.0,128.0,0.0,0.0,0,0,0,0,0,0,0,1,0,0,0,0,0,1,0,0,0,1,0,0,0,1,0,0,0,1,0,67932.0
8,2.5,0,1,1024.0,128.0,0.0,0.0,0,0,0,0,0,1,0,0,0,0,1,0,0,0,0,0,0,0,1,0,0,0,1,0,0,0,1,59087.52
6,2.3,0,0,1024.0,0.0,0.0,0.0,0,0,0,1,0,0,0,0,0,0,0,0,1,0,0,0,0,0,1,0,1,0,0,0,0,1,0,24455.52
16,2.6,1,1,1024.0,128.0,0.0,0.0,0,0,0,0,0,1,0,0,0,0,1,0,0,0,0,0,0,0,1,0,0,0,1,0,0,0,1,54825.12
4,2.2,0,0,0.0,128.0,0.0,0.0,0,0,0,0,0,1,0,0,0,0,0,0,1,0,0,0,0,0,1,0,1,0,0,0,0,1,0,26586.72
4,2.18,0,0,1024.0,0.0,0.0,0.0,0,0,0,1,0,0,0,0,0,0,0,0,1,0,0,0,0,0,1,0,0,1,0,0,0,1,0,37725.4368
16,1.36,0,1,0.0,512.0,0.0,0.0,0,0,0,0,0,1,0,0,0,0,0,0,0,1,0,0,0,0,1,0,0,0,1,0,0,1,0,95797.44
4,2.0,0,0,0.0,256.0,0.0,0.0,0,0,1,0,0,0,0,0,0,0,0,0,1,0,0,0,0,0,1,0,1,0,0,0,0,1,0,40972.32
8,0.97,1,1,0.0,512.0,0.0,0.0,0,0,0,0,1,0,0,0,0,0,0,0,0,1,0,0,0,0,1,0,0,0,0,1,0,1,0,107305.92
8,2.1,0,1,1024.0,256.0,0.0,0.0,0,0,0,0,0,1,0,0,0,0,0,0,1,0,0,0,0,0,1,0,0,1,0,0,1,0,0,60978.96
8,1.7,0,1,0.0,256.0,0.0,0.0,0,0,0,0,0,1,0,0,0,0,0,0,0,1,0,0,0,0,1,0,0,0,1,0,0,1,0,79333.3872
8,1.26,1,0,0.0,256.0,0.0,0.0,0,0,0,1,0,0,0,0,0,0,0,0,0,1,0,0,0,0,1,0,0,1,0,0,0,1,0,91288.3536
32,4.42,0,1,1024.0,512.0,0.0,0.0,0,0,0,1,0,0,0,0,0,0,1,0,0,0,0,0,0,0,1,0,0,0,1,0,0,0,1,167691.8736
8,1.5,0,1,0.0,512.0,0.0,0.0,0,0,0,0,0,1,0,0,0,0,0,0,1,0,0,0,0,1,0,0,0,0,1,0,1,0,0,42570.72
16,2.06,1,0,0.0,512.0,0.0,0.0,0,0,0,1,0,0,0,0,0,0,0,0,1,0,0,0,0,0,1,0,0,0,1,0,0,0,1,127712.16
8,2.0,1,1,0.0,256.0,0.0,0.0,0,0,0,0,0,1,0,0,0,1,0,0,0,0,0,0,0,0,1,0,0,0,1,0,0,1,0,69210.72
4,2.1,0,0,500.0,0.0,0.0,0.0,0,0,0,0,0,0,0,0,1,0,0,0,1,0,0,0,0,0,1,0,0,1,0,0,0,1,0,32074.56
8,1.84,0,0,0.0,256.0,0.0,0.0,0,0,0,0,1,0,0,0,0,0,0,0,1,0,0,0,0,0,1,0,0,1,0,0,0,1,0,101232.0
4,1.2,0,0,0.0,128.0,0.0,0.0,0,0,0,0,0,0,0,0,1,0,0,0,1,0,0,0,0,0,1,0,0,1,0,0,0,1,0,63669.6
8,1.49,0,0,0.0,512.0,0.0,0.0,0,0,0,0,1,0,0,0,0,0,0,0,1,0,0,0,0,0,1,0,0,1,0,0,0,1,0,51095.52
8,2.2,0,1,1024.0,0.0,0.0,0.0,0,0,0,0,0,1,0,0,0,0,0,0,1,0,0,0,0,0,1,0,0,0,1,0,0,0,1,35644.32
8,2.8,0,0,2048.0,0.0,0.0,0.0,0,0,0,0,0,1,0,0,0,0,0,0,1,0,0,0,0,1,0,0,0,0,1,0,0,0,1,45234.72
8,2.0,0,0,0.0,256.0,0.0,0.0,0,0,0,1,0,0,0,0,0,0,0,0,1,0,0,0,0,0,1,0,0,0,1,0,0,0,1,97449.12
4,2.1,0,0,500.0,0.0,0.0,0.0,1,0,0,0,0,0,0,0,0,0,0,0,1,0,0,0,0,0,1,0,0,0,0,1,0,1,0,17742.239999999998
4,2.2,0,0,1024.0,0.0,0.0,0.0,0,0,0,0,0,1,0,0,0,0,0,0,1,0,0,0,0,0,1,0,0,0,0,1,0,1,0,16303.68
8,2.2,0,0,0.0,256.0,0.0,0.0,0,0,0,0,0,1,0,0,0,0,0,0,1,0,0,0,0,1,0,0,0,1,0,0,0,0,1,33513.119999999995
8,2.23,0,0,1024.0,0.0,0.0,0.0,1,0,0,0,0,0,0,0,0,0,0,0,1,0,0,0,0,0,1,0,0,0,1,0,0,0,1,39533.76
16,3.21,0,0,1024.0,256.0,0.0,0.0,0,0,0,1,0,0,0,0,0,0,1,0,0,0,0,0,0,0,1,0,0,0,1,0,0,0,1,147832.28639999998
8,2.04,1,0,1024.0,0.0,0.0,0.0,0,0,0,0,1,0,0,0,0,0,0,0,1,0,0,0,0,0,1,0,0,1,0,0,0,1,0,29783.52
8,2.3,0,0,1024.0,128.0,0.0,0.0,0,0,0,0,0,0,1,0,0,0,1,0,0,0,0,0,0,0,1,0,0,0,1,0,0,0,1,62284.32
8,1.29,1,0,0.0,256.0,0.0,0.0,0,0,0,1,0,0,0,0,0,0,0,0,0,1,0,0,0,0,1,0,0,0,1,0,0,1,0,78694.56
16,1.1,1,0,0.0,512.0,0.0,0.0,0,0,1,0,0,0,0,0,0,0,0,0,0,1,0,0,0,0,1,0,0,0,1,0,0,1,0,93181.392
8,2.3,0,1,0.0,256.0,0.0,0.0,0,0,1,0,0,0,0,0,0,0,0,0,1,0,0,0,0,0,1,0,0,0,1,0,0,0,1,41931.36
16,1.62,1,0,0.0,512.0,0.0,0.0,0,0,0,1,0,0,0,0,0,1,0,0,0,0,0,0,0,0,1,0,0,0,1,0,0,1,0,68145.12
8,2.6,0,0,1024.0,0.0,0.0,0.0,0,0,0,0,1,0,0,0,0,0,0,0,1,0,0,0,0,0,1,1,0,0,0,0,1,0,0,27753.552
8,1.34,0,0,0.0,0.0,128.0,0.0,0,1,0,0,0,0,0,0,0,0,0,0,0,1,0,0,1,0,0,0,0,1,0,0,0,1,0,47895.5232
8,1.37,1,1,0.0,256.0,0.0,0.0,0,0,0,0,0,1,0,0,0,1,0,0,0,0,0,0,0,0,1,0,0,1,0,0,0,1,0,74538.72
16,1.36,1,0,0.0,512.0,0.0,0.0,0,0,0,0,0,0,0,0,1,0,0,0,0,1,0,0,0,0,1,0,0,0,1,0,0,1,0,100006.56
16,2.5,0,1,1024.0,256.0,0.0,0.0,0,0,1,0,0,0,0,0,0,0,1,0,0,0,0,0,0,0,1,0,0,0,1,0,0,0,1,85248.0
8,1.36,0,0,0.0,256.0,0.0,0.0,0,0,0,1,0,0,0,0,0,0,0,0,0,1,0,0,0,0,1,0,0,0,1,0,0,1,0,94572.0
8,2.18,0,0,0.0,256.0,0.0,0.0,0,0,0,1,0,0,0,0,0,0,0,0,1,0,0,0,0,0,1,0,0,0,1,0,0,0,1,53807.472
4,2.1,0,0,500.0,0.0,0.0,0.0,0,0,0,0,0,1,0,0,0,0,0,0,1,0,0,0,0,1,0,0,0,1,0,0,0,1,0,21205.44
4,2.2,0,0,0.0,256.0,0.0,0.0,0,0,0,1,0,0,0,0,0,0,0,0,1,0,0,0,0,0,1,0,0,1,0,0,1,0,0,39906.72
8,3.0,0,1,0.0,256.0,0.0,0.0,0,0,0,0,1,0,0,0,0,0,0,0,0,0,1,0,0,0,1,0,0,0,1,0,0,0,1,210424.032
6,2.04,0,0,1024.0,0.0,0.0,0.0,0,0,0,0,1,0,0,0,0,0,0,0,1,0,0,0,0,0,1,0,1,0,0,0,1,0,0,28717.92
8,2.4,0,1,1024.0,0.0,0.0,0.0,0,0,0,0,0,1,0,0,0,0,1,0,0,0,0,0,0,0,1,0,0,1,0,0,0,0,1,43636.32
4,1.45,0,0,0.0,0.0,16.0,0.0,0,0,0,0,0,1,0,0,0,0,0,0,1,0,0,0,0,1,0,0,0,0,0,1,0,1,0,24503.472
8,1.2,0,0,0.0,256.0,0.0,0.0,0,0,0,0,0,0,0,0,1,0,0,0,1,0,0,0,0,0,1,0,0,1,0,0,0,1,0,64628.64
6,2.71,0,1,2048.0,0.0,0.0,0.0,0,0,0,0,1,0,0,0,0,0,0,0,1,0,0,0,0,0,1,1,0,0,0,0,1,0,0,34898.932799999995
32,4.42,0,0,1024.0,256.0,0.0,0.0,0,0,0,1,0,0,0,0,0,0,1,0,0,0,0,0,0,0,1,0,0,0,1,0,0,0,1,149184.0
4,2.2,0,0,0.0,128.0,0.0,0.0,0,0,0,0,0,1,0,0,0,0,0,0,1,0,0,0,0,1,0,0,0,1,0,0,0,1,0,24935.04
4,1.8,0,0,0.0,256.0,0.0,0.0,0,0,0,0,0,1,0,0,0,0,0,0,1,0,0,0,0,0,1,0,0,1,0,0,0,1,0,44169.12
4,1.8,1,1,0.0,128.0,0.0,0.0,0,0,0,0,0,1,0,0,0,1,0,0,0,0,0,0,0,0,1,0,0,0,1,0,0,1,0,33992.64
16,2.0,1,0,0.0,512.0,0.0,0.0,0,0,0,1,0,0,0,0,0,1,0,0,0,0,0,0,0,0,1,0,0,0,1,0,0,1,0,68464.8
8,1.42,1,1,0.0,256.0,0.0,0.0,0,0,0,0,0,1,0,0,0,1,0,0,0,0,0,0,0,0,1,0,0,1,0,0,0,1,0,124142.4
4,1.43,0,0,0.0,0.0,32.0,0.0,0,0,0,0,0,1,0,0,0,0,0,0,1,0,0,0,0,0,1,0,0,0,0,1,0,1,0,14598.72
4,1.48,0,0,0.0,256.0,0.0,0.0,0,0,0,0,1,0,0,0,0,0,0,0,1,0,0,0,0,0,1,0,0,1,0,0,0,1,0,84715.2
4,1.35,0,1,0.0,0.0,32.0,0.0,0,0,0,0,0,0,0,1,0,0,0,0,1,0,0,0,0,0,1,0,0,0,0,1,0,1,0,13586.4
4,1.86,0,0,0.0,128.0,0.0,0.0,0,0,1,0,0,0,0,0,0,0,0,0,1,0,0,0,0,0,1,0,0,0,0,1,0,1,0,22324.32
32,4.6,0,1,1024.0,256.0,0.0,0.0,0,0,0,0,0,1,0,0,0,0,1,0,0,0,0,0,0,0,1,0,0,0,1,0,0,0,1,141884.63999999998
16,2.59,0,1,1024.0,128.0,0.0,0.0,0,0,1,0,0,0,0,0,0,0,1,0,0,0,0,0,0,0,1,0,0,0,1,0,0,0,1,71341.92
8,2.8,0,1,1024.0,128.0,0.0,0.0,0,0,0,1,0,0,0,0,0,0,0,0,1,0,0,1,0,0,0,0,0,1,0,0,1,0,0,47365.92
16,2.94,0,0,1024.0,256.0,0.0,0.0,0,0,0,0,0,0,1,0,0,0,1,0,0,0,0,0,0,0,1,0,0,0,1,0,0,0,1,96916.32
8,1.2,1,0,0.0,256.0,0.0,0.0,0,0,0,1,0,0,0,0,0,0,0,0,0,1,0,0,0,0,1,0,0,0,1,0,0,1,0,74538.72
8,1.6,0,0,0.0,256.0,0.0,0.0,0,0,0,1,0,0,0,0,0,0,0,0,1,0,0,0,0,0,1,0,0,1,0,0,0,1,0,60031.1088
8,2.36,0,0,0.0,256.0,0.0,0.0,0,0,0,1,0,0,0,0,0,0,0,0,1,0,0,0,0,0,1,0,0,1,0,0,1,0,0,47365.92
4,2.3,0,0,0.0,128.0,0.0,0.0,0,0,0,0,0,1,0,0,0,0,0,0,1,0,0,0,0,0,1,0,1,0,0,0,0,1,0,30103.2
8,1.5,1,1,0.0,256.0,0.0,0.0,1,0,0,0,0,0,0,0,0,1,0,0,0,0,0,0,0,0,1,0,0,1,0,0,0,1,0,45128.16
4,2.08,1,1,1024.0,0.0,0.0,0.0,0,0,0,1,0,0,0,0,0,1,0,0,0,0,0,0,0,0,1,0,1,0,0,0,0,1,0,42410.3472
8,3.4,0,1,0.0,256.0,0.0,0.0,0,0,0,0,0,1,0,0,0,0,0,0,1,0,0,0,0,0,1,0,0,0,1,0,0,0,1,159786.72
8,1.25,1,1,0.0,256.0,0.0,0.0,0,0,0,0,0,0,0,0,1,0,0,0,1,0,0,0,0,0,1,0,0,1,0,0,0,1,0,81784.8
8,2.5,0,1,1024.0,0.0,0.0,0.0,0,0,0,0,0,1,0,0,0,0,1,0,0,0,0,0,0,1,0,0,0,1,0,0,0,0,1,54185.76
16,1.42,1,0,0.0,256.0,0.0,0.0,0,0,0,0,1,0,0,0,0,1,0,0,0,0,0,0,0,0,1,0,0,0,1,0,0,1,0,74538.72
8,2.09,0,0,0.0,256.0,0.0,0.0,0,0,0,1,0,0,0,0,0,0,0,0,1,0,0,0,0,0,1,0,0,1,0,0,0,1,0,56633.976
6,2.3,1,0,1024.0,0.0,0.0,0.0,0,0,0,1,0,0,0,0,0,0,0,0,1,0,0,0,0,0,1,0,1,0,0,0,0,1,0,23389.92
12,2.2,0,1,1024.0,0.0,0.0,0.0,1,0,0,0,0,0,0,0,0,0,0,0,1,0,0,0,0,0,1,0,0,1,0,0,0,0,1,36975.7872
8,0.92,0,1,0.0,0.0,512.0,0.0,0,1,0,0,0,0,0,0,0,0,0,0,0,1,0,0,1,0,0,0,0,0,0,1,0,1,0,62071.2
4,2.38,0,0,500.0,0.0,0.0,0.0,0,0,0,0,0,1,0,0,0,0,0,0,1,0,0,0,0,0,1,0,0,1,0,0,0,1,0,56210.4
8,1.9,0,1,0.0,256.0,0.0,0.0,0,0,0,0,0,1,0,0,0,0,0,0,1,0,0,0,0,0,1,0,0,1,0,0,0,1,0,49976.64
4,2.8,0,0,1024.0,0.0,0.0,0.0,0,0,1,0,0,0,0,0,0,0,0,0,1,0,0,0,0,0,1,0,0,0,0,1,0,0,1,25059.715199999995
12,2.21,0,1,1024.0,128.0,0.0,0.0,0,0,0,0,1,0,0,0,0,0,0,0,1,0,0,0,0,0,1,0,0,0,1,0,0,0,1,70702.56
8,1.29,1,0,0.0,256.0,0.0,0.0,0,0,0,1,0,0,0,0,0,0,0,0,0,1,0,0,0,0,1,0,0,1,0,0,0,1,0,86526.72
16,1.14,0,1,0.0,512.0,0.0,0.0,0,0,0,0,0,1,0,0,0,0,0,0,0,1,0,0,0,0,1,0,0,0,1,0,0,1,0,130536.0
4,2.18,0,0,1024.0,0.0,0.0,0.0,0,0,0,1,0,0,0,0,0,0,0,0,1,0,0,1,0,0,0,0,1,0,0,0,0,1,0,23650.992
8,1.2,0,0,0.0,256.0,0.0,0.0,0,0,0,0,0,0,0,0,1,0,0,0,1,0,0,0,0,0,1,0,0,1,0,0,0,1,0,81784.8
4,1.9,0,0,1024.0,0.0,0.0,0.0,0,0,0,0,0,1,0,0,0,0,0,0,1,0,0,0,0,1,0,0,0,1,0,0,0,1,0,26101.872
4,2.5,0,1,0.0,256.0,0.0,0.0,0,0,0,0,1,0,0,0,0,0,0,0,1,0,0,0,0,0,1,0,1,0,0,0,1,0,0,37242.72
6,2.0,0,0,0.0,256.0,0.0,0.0,0,0,1,0,0,0,0,0,0,0,0,0,1,0,0,0,0,0,1,0,1,0,0,0,0,0,1,30742.56
4,1.63,0,0,0.0,128.0,0.0,0.0,0,0,0,1,0,0,0,0,0,0,0,1,0,0,0,0,0,0,1,0,0,0,0,1,0,1,0,39640.32
16,1.2,0,0,0.0,512.0,0.0,0.0,0,0,0,0,0,0,0,0,1,0,0,0,0,1,0,0,0,0,1,0,0,0,1,0,0,1,0,93080.16
8,1.4,1,1,0.0,256.0,0.0,0.0,0,0,0,0,0,1,0,0,0,1,0,0,0,0,0,0,0,0,1,0,0,1,0,0,0,1,0,85194.72
4,2.31,0,0,500.0,0.0,0.0,0.0,0,0,0,0,1,0,0,0,0,0,0,0,1,0,0,0,0,0,1,0,0,1,0,0,0,1,0,63882.72
4,1.96,0,0,500.0,0.0,0.0,0.0,0,0,0,0,1,0,0,0,0,0,0,0,1,0,0,0,0,1,0,0,0,1,0,0,0,1,0,26586.72
4,1.95,0,0,500.0,0.0,0.0,0.0,0,0,0,0,1,0,0,0,0,0,0,0,1,0,0,0,0,0,1,0,0,1,0,0,0,1,0,61218.72
8,2.0,0,0,0.0,128.0,0.0,0.0,0,0,1,0,0,0,0,0,0,0,0,0,1,0,0,0,0,0,1,0,0,0,0,1,0,1,0,31003.632
16,2.65,0,1,1024.0,512.0,0.0,0.0,0,0,0,1,0,0,0,0,0,0,1,0,0,0,0,0,0,0,1,0,0,0,1,0,0,0,1,98301.6
8,2.05,0,0,1024.0,0.0,0.0,0.0,0,0,0,0,1,0,0,0,0,0,0,0,1,0,0,0,0,0,1,0,0,0,1,0,0,1,0,31861.44
8,1.91,0,1,1024.0,0.0,0.0,0.0,0,0,0,0,1,0,0,0,0,0,0,0,1,0,0,0,0,0,1,0,0,0,1,0,0,0,1,52161.12
4,2.0,0,0,1024.0,0.0,0.0,0.0,0,0,1,0,0,0,0,0,0,0,0,0,1,0,0,1,0,0,0,0,1,0,0,0,0,1,0,20725.92
16,2.4,0,1,0.0,512.0,0.0,0.0,0,0,0,0,0,1,0,0,0,0,0,0,1,0,0,0,0,0,1,0,0,0,1,0,0,0,1,158135.04
4,2.37,0,0,1024.0,0.0,0.0,0.0,0,0,1,0,0,0,0,0,0,0,0,0,1,0,0,0,0,0,1,0,1,0,0,0,0,1,0,21258.1872
4,1.5,0,0,0.0,0.0,32.0,0.0,0,0,1,0,0,0,0,0,0,0,0,0,1,0,0,0,0,0,1,0,0,0,0,1,0,1,0,15238.08
16,2.5,0,1,1024.0,256.0,0.0,0.0,0,0,0,0,0,1,0,0,0,0,1,0,0,0,0,0,0,0,1,0,0,0,1,0,0,0,1,62817.12
8,2.14,0,0,1024.0,0.0,0.0,0.0,0,0,0,1,0,0,0,0,0,0,0,0,1,0,0,0,0,0,1,0,0,1,0,0,0,1,0,28768.536
16,3.0,0,0,1024.0,256.0,0.0,0.0,0,0,1,0,0,0,0,0,0,0,1,0,0,0,0,0,0,0,1,0,0,0,1,0,0,0,1,84768.48
4,1.39,1,0,0.0,128.0,0.0,0.0,0,0,0,1,0,0,0,0,0,1,0,0,0,0,0,0,0,0,1,0,0,0,0,1,0,1,0,32127.84
8,2.62,0,1,1024.0,0.0,0.0,0.0,0,0,0,0,1,0,0,0,0,0,1,0,0,0,0,0,0,0,1,0,0,0,1,0,0,0,1,47898.72
8,1.9,0,0,0.0,256.0,0.0,0.0,0,0,0,0,1,0,0,0,0,0,0,0,0,0,1,0,0,0,1,0,0,0,1,0,1,0,0,79653.59999999999
16,1.95,0,0,0.0,256.0,0.0,0.0,0,0,0,0,0,0,0,1,0,0,1,0,0,0,0,0,0,0,1,0,0,0,1,0,0,0,1,138474.72
8,2.32,0,0,1024.0,0.0,0.0,0.0,0,0,0,0,0,1,0,0,0,0,0,0,1,0,0,0,0,1,0,0,0,1,0,0,1,0,0,31914.72
8,3.2,0,1,1024.0,256.0,0.0,0.0,0,0,0,0,0,1,0,0,0,0,1,0,0,0,0,0,0,0,1,0,0,0,1,0,0,0,1,74538.72
8,1.86,0,0,0.0,256.0,0.0,0.0,0,0,0,0,1,0,0,0,0,0,0,0,1,0,0,0,0,0,1,0,0,1,0,0,0,1,0,36763.2
8,0.92,0,1,0.0,256.0,0.0,0.0,0,1,0,0,0,0,0,0,0,0,0,0,0,1,0,0,1,0,0,0,0,0,0,1,0,1,0,67260.672
8,1.36,1,1,0.0,256.0,0.0,0.0,0,0,0,0,0,1,0,0,0,1,0,0,0,0,0,0,0,0,1,0,0,1,0,0,0,1,0,87219.36
16,1.8,0,0,1024.0,256.0,0.0,0.0,0,0,0,0,0,0,1,0,0,0,1,0,0,0,0,0,0,0,1,0,0,0,1,0,0,0,1,102777.12
8,1.99,0,0,1024.0,128.0,0.0,0.0,0,0,1,0,0,0,0,0,0,0,1,0,0,0,0,0,0,0,1,0,0,0,1,0,0,0,1,71928.0
8,2.4,0,0,1024.0,0.0,0.0,0.0,1,0,0,0,0,0,0,0,0,0,0,0,1,0,0,1,0,0,0,0,0,0,1,0,0,0,1,45074.88
8,2.4,0,1,0.0,256.0,0.0,0.0,0,0,0,0,0,1,0,0,0,0,1,0,0,0,0,0,0,1,0,0,0,1,0,0,0,0,1,41505.12
8,1.2,0,1,0.0,256.0,0.0,0.0,0,0,1,0,0,0,0,0,0,0,0,0,0,1,0,0,0,0,1,0,0,1,0,0,0,1,0,60153.12
8,2.8,0,0,1024.0,0.0,0.0,0.0,0,0,0,0,0,1,0,0,0,0,0,0,1,0,0,0,0,1,0,0,0,1,0,0,0,0,1,31381.92
4,1.22,0,0,0.0,0.0,32.0,0.0,0,0,0,0,0,0,0,1,0,0,0,0,1,0,0,0,0,0,1,0,0,0,0,1,0,1,0,10810.512
4,2.3,0,1,1024.0,0.0,0.0,0.0,0,0,0,0,0,1,0,0,0,0,0,0,1,0,0,0,0,0,1,0,0,1,0,0,0,0,1,52054.56
4,2.18,0,0,1024.0,128.0,0.0,0.0,0,0,0,1,0,0,0,0,0,0,0,0,1,0,0,0,0,0,1,0,0,1,0,0,0,0,1,48618.0
8,1.84,0,0,0.0,256.0,0.0,0.0,0,0,0,0,1,0,0,0,0,0,0,0,1,0,0,0,0,0,1,0,0,1,0,0,0,1,0,60952.32
8,2.63,0,0,0.0,256.0,0.0,0.0,0,0,0,0,1,0,0,0,0,0,0,0,1,0,0,0,0,0,1,0,0,0,1,0,0,0,1,63936.0
8,3.2,0,1,1024.0,0.0,0.0,0.0,0,0,0,0,0,1,0,0,0,0,1,0,0,0,0,0,0,0,1,0,0,0,1,0,0,0,1,69210.72
4,2.04,0,0,0.0,256.0,0.0,0.0,0,0,0,0,1,0,0,0,0,0,0,0,1,0,0,0,0,0,1,0,1,0,0,0,0,1,0,41025.0672
4,1.47,1,0,500.0,0.0,0.0,0.0,0,0,0,1,0,0,0,0,0,1,0,0,0,0,0,0,0,0,1,0,0,0,0,1,0,1,0,25521.12
8,1.32,0,0,0.0,256.0,0.0,0.0,0,0,0,0,0,1,0,0,0,0,0,0,0,1,0,0,0,0,1,0,0,0,1,0,0,1,0,99047.52
8,2.05,0,0,0.0,256.0,0.0,0.0,0,0,0,0,0,1,0,0,0,0,0,0,1,0,0,0,0,0,1,0,0,0,1,0,0,1,0,46886.4
8,1.4,0,0,0.0,256.0,0.0,0.0,0,0,1,0,0,0,0,0,0,0,0,0,1,0,0,0,0,0,1,0,0,1,0,0,0,1,0,61272.0
4,2.1,0,0,0.0,128.0,0.0,0.0,0,0,0,0,0,1,0,0,0,0,0,0,1,0,0,0,0,0,1,0,0,1,0,0,0,1,0,26267.04
4,3.0,0,1,0.0,256.0,0.0,0.0,1,0,0,0,0,0,0,0,0,0,0,0,1,0,0,0,0,0,1,0,0,1,0,0,0,0,1,42890.4
4,2.1,0,0,1024.0,0.0,0.0,0.0,0,0,0,0,1,0,0,0,0,0,0,0,1,0,0,0,0,0,1,1,0,0,0,0,1,0,0,26053.92
16,2.9,0,0,1024.0,256.0,0.0,0.0,0,0,1,0,0,0,0,0,0,0,1,0,0,0,0,0,0,0,1,0,0,0,1,0,0,0,1,81465.12
8,2.2,0,0,1024.0,0.0,0.0,0.0,0,0,0,0,0,1,0,0,0,0,0,0,1,0,0,0,0,0,1,1,0,0,0,0,1,0,0,22857.12
8,3.35,0,1,1024.0,128.0,0.0,0.0,0,0,0,0,1,0,0,0,0,0,1,0,0,0,0,0,0,0,1,0,0,1,0,0,0,0,1,60153.12
8,1.21,1,1,0.0,128.0,0.0,0.0,0,0,0,1,0,0,0,0,0,0,0,0,0,1,0,0,0,0,1,0,0,1,0,0,0,1,0,85194.72
8,1.2,0,0,0.0,256.0,0.0,0.0,0,0,0,0,0,0,0,0,1,0,0,0,0,1,0,0,0,0,1,0,0,1,0,0,0,1,0,84715.2
4,1.26,0,0,0.0,256.0,0.0,0.0,0,0,0,0,1,0,0,0,0,0,0,0,0,1,0,0,0,0,1,0,0,1,0,0,0,1,0,83063.52
16,2.4,0,0,0.0,512.0,0.0,0.0,0,0,0,0,0,1,0,0,0,0,1,0,0,0,0,0,0,0,1,0,0,0,1,0,0,0,1,63882.72
16,2.4,0,0,0.0,512.0,0.0,0.0,0,0,0,0,0,1,0,0,0,0,1,0,0,0,0,0,0,1,0,0,0,0,1,0,0,0,1,74485.44
8,1.35,0,0,0.0,0.0,256.0,0.0,0,1,0,0,0,0,0,0,0,0,0,0,0,1,0,0,1,0,0,0,0,1,0,0,0,1,0,53173.44
12,2.3,1,0,2048.0,0.0,0.0,0.0,0,0,1,0,0,0,0,0,0,1,0,0,0,0,0,0,0,0,1,0,0,0,1,0,0,0,1,44701.92
8,1.34,0,1,0.0,512.0,0.0,0.0,0,0,0,0,1,0,0,0,0,0,0,0,0,1,0,0,0,0,1,0,0,0,1,0,0,1,0,70489.44
4,2.2,0,0,500.0,0.0,0.0,0.0,0,0,1,0,0,0,0,0,0,0,0,0,1,0,0,0,0,0,1,0,0,0,1,0,0,0,1,38378.6496
8,2.2,0,0,1024.0,0.0,0.0,0.0,1,0,0,0,0,0,0,0,0,0,0,0,1,0,0,0,0,0,1,0,0,0,1,0,0,0,1,36709.92
8,2.04,0,0,1024.0,0.0,0.0,0.0,0,0,0,0,1,0,0,0,0,0,0,0,1,0,0,0,0,0,1,0,0,0,1,0,0,0,1,47952.0
8,2.5,0,0,1024.0,128.0,0.0,0.0,0,0,1,0,0,0,0,0,0,0,0,0,1,0,0,0,0,0,1,0,0,1,0,0,0,0,1,44701.92
16,2.5,0,0,0.0,512.0,0.0,0.0,0,0,0,0,0,1,0,0,0,0,0,0,1,0,0,0,0,0,1,0,0,0,1,0,0,0,1,126273.6
8,2.1,0,0,1024.0,128.0,0.0,0.0,0,0,1,0,0,0,0,0,0,0,0,0,1,0,0,0,0,0,1,0,0,0,1,0,0,0,1,61005.6
4,2.2,0,0,0.0,256.0,0.0,0.0,0,0,0,1,0,0,0,0,0,0,0,0,1,0,0,0,0,0,1,0,1,0,0,0,1,0,0,26581.392
8,2.33,0,0,1024.0,128.0,0.0,0.0,0,0,0,1,0,0,0,0,0,0,0,0,1,0,0,0,0,0,1,0,0,1,0,0,1,0,0,44968.32
8,1.84,0,0,0.0,256.0,0.0,0.0,0,0,0,0,1,0,0,0,0,0,0,0,1,0,0,0,0,0,1,0,0,0,1,0,0,1,0,64948.32
8,2.23,0,0,500.0,0.0,0.0,0.0,0,0,0,1,0,0,0,0,0,0,0,0,0,0,1,0,0,0,1,0,0,1,0,0,1,0,0,72940.31999999999
4,2.1,0,0,1024.0,0.0,0.0,0.0,1,0,0,0,0,0,0,0,0,0,0,0,1,0,0,0,0,0,1,0,0,0,0,1,0,1,0,19367.8128
16,2.73,0,0,1024.0,512.0,0.0,0.0,0,0,1,0,0,0,0,0,0,0,1,0,0,0,0,0,0,0,1,0,0,0,1,0,0,0,1,95850.72
2,0.98,0,0,0.0,0.0,32.0,0.0,0,0,1,0,0,0,0,0,0,0,0,1,0,0,0,0,0,0,1,0,0,0,0,1,0,1,0,10224.432
8,1.8,0,1,0.0,256.0,0.0,0.0,1,0,0,0,0,0,0,0,0,0,0,0,0,1,0,0,0,0,1,0,0,1,0,0,0,1,0,48964.32
8,2.04,1,1,0.0,256.0,0.0,0.0,0,0,0,1,0,0,0,0,0,0,0,0,1,0,0,0,0,0,1,0,0,1,0,0,0,0,1,119916.2304
16,1.1,0,1,0.0,512.0,0.0,0.0,0,0,0,0,0,1,0,0,0,0,0,0,0,1,0,0,0,0,1,0,0,0,1,0,0,1,0,111834.72
16,1.16,1,1,0.0,512.0,0.0,0.0,0,0,0,0,1,0,0,0,0,0,0,0,0,1,0,0,0,0,1,0,0,0,0,1,0,1,0,104695.2
4,2.2,0,0,500.0,0.0,0.0,0.0,0,0,1,0,0,0,0,0,0,0,0,0,1,0,0,0,0,0,1,0,0,0,1,0,0,0,1,38378.6496
4,1.86,0,0,500.0,0.0,0.0,0.0,0,0,0,0,1,0,0,0,0,0,0,0,1,0,0,0,0,0,1,0,0,1,0,0,1,0,0,32639.8608
4,1.45,1,0,0.0,256.0,0.0,0.0,0,0,0,0,1,0,0,0,0,1,0,0,0,0,0,0,0,0,1,0,0,0,0,1,0,1,0,41292.0
8,2.8,0,0,1024.0,128.0,0.0,0.0,0,0,0,1,0,0,0,0,0,0,0,0,1,0,0,0,0,0,1,0,0,0,1,0,1,0,0,57808.8
8,2.04,0,1,1024.0,128.0,0.0,0.0,0,0,0,0,1,0,0,0,0,0,0,0,1,0,0,0,0,0,1,0,0,1,0,0,0,0,1,52161.12
4,2.1,0,1,500.0,0.0,0.0,0.0,0,0,0,0,1,0,0,0,0,0,0,0,1,0,0,0,0,0,1,0,0,0,1,0,1,0,0,36709.92
8,1.29,1,1,0.0,128.0,0.0,0.0,0,0,0,1,0,0,0,0,0,0,0,0,0,1,0,0,0,0,1,0,0,1,0,0,0,1,0,47898.72
4,0.69,1,1,0.0,0.0,64.0,0.0,0,0,0,0,0,1,0,0,0,1,0,0,0,0,0,0,0,0,1,0,0,0,0,1,0,1,0,34433.2656
12,2.06,0,1,1024.0,128.0,0.0,0.0,0,0,1,0,0,0,0,0,0,0,0,0,1,0,0,0,0,0,1,0,0,0,1,0,0,1,0,69210.72
4,2.0,0,0,1024.0,0.0,0.0,0.0,0,0,1,0,0,0,0,0,0,0,0,0,1,0,0,0,0,0,1,0,0,0,0,1,0,1,0,23922.72
8,1.86,0,0,0.0,256.0,0.0,0.0,0,0,0,0,1,0,0,0,0,0,0,0,1,0,0,0,0,0,1,0,1,0,0,0,0,1,0,28717.92
4,1.68,0,0,1024.0,0.0,0.0,0.0,0,0,1,0,0,0,0,0,0,0,0,0,1,0,0,0,0,0,1,1,0,0,0,0,1,0,0,24988.32
8,2.5,0,1,1024.0,128.0,0.0,0.0,0,0,0,0,0,1,0,0,0,0,1,0,0,0,0,0,0,0,1,0,0,1,0,0,0,0,1,53226.72
8,2.5,0,0,0.0,256.0,0.0,0.0,0,0,0,0,1,0,0,0,0,0,0,0,1,0,0,0,0,0,1,0,1,0,0,0,0,1,0,34093.872
6,2.18,0,1,1024.0,0.0,0.0,0.0,0,0,0,0,1,0,0,0,0,0,0,0,1,0,0,0,0,0,1,0,0,0,1,0,0,0,1,42570.72
8,2.8,0,0,1024.0,128.0,0.0,0.0,0,0,0,1,0,0,0,0,0,0,0,0,1,0,0,1,0,0,0,0,0,0,1,0,1,0,0,58554.72
16,4.36,0,1,1024.0,512.0,0.0,0.0,0,0,0,1,0,0,0,0,0,0,1,0,0,0,0,0,0,0,1,0,0,0,1,0,0,0,1,168045.12
4,3.3,0,0,1024.0,0.0,0.0,0.0,1,0,0,0,0,0,0,0,0,0,0,0,1,0,0,0,0,0,1,0,1,0,0,0,0,0,1,31861.44
8,1.13,0,1,0.0,512.0,0.0,0.0,0,0,0,0,0,1,0,0,0,0,0,0,0,1,0,0,0,0,1,0,0,0,1,0,0,1,0,121584.96
8,1.26,0,0,0.0,256.0,0.0,0.0,0,0,0,0,1,0,0,0,0,0,0,1,0,0,0,0,0,0,1,0,0,1,0,0,0,1,0,74005.92
16,1.4,1,1,0.0,512.0,0.0,0.0,0,0,0,0,0,1,0,0,0,1,0,0,0,0,0,0,0,0,1,0,0,0,1,0,0,1,0,111834.72
4,2.1,0,0,1024.0,0.0,0.0,0.0,1,0,0,0,0,0,0,0,0,0,0,0,1,0,0,1,0,0,0,0,0,0,0,1,0,1,0,15877.44
8,2.36,0,0,1024.0,0.0,0.0,0.0,0,0,0,1,0,0,0,0,0,0,0,0,1,0,0,0,0,0,1,0,0,1,0,0,1,0,0,34045.3872
4,2.2,0,0,1024.0,0.0,0.0,0.0,0,0,0,0,0,1,0,0,0,0,0,0,1,0,0,0,0,1,0,0,1,0,0,0,1,0,0,25521.12
4,2.09,0,0,500.0,0.0,0.0,0.0,0,0,0,1,0,0,0,0,0,0,0,0,1,0,0,1,0,0,0,0,0,1,0,0,0,1,0,27899.0064
8,1.96,0,0,0.0,256.0,0.0,0.0,0,0,0,0,1,0,0,0,0,0,0,0,1,0,0,0,0,0,1,0,0,1,0,0,0,1,0,31914.1872
8,2.7,0,0,1024.0,256.0,0.0,0.0,0,0,0,0,0,0,1,0,0,0,1,0,0,0,0,0,0,0,1,0,0,0,1,0,0,0,1,63882.72
16,1.4,0,1,0.0,512.0,0.0,0.0,0,0,0,0,0,1,0,0,0,0,0,0,1,0,0,0,0,0,1,0,0,0,1,0,0,1,0,79866.72
4,2.2,0,0,500.0,0.0,0.0,0.0,1,0,0,0,0,0,0,0,0,0,0,0,1,0,0,0,0,0,1,0,1,0,0,0,0,0,1,24988.32
16,1.8,0,0,2048.0,256.0,0.0,0.0,0,0,0,0,0,0,1,0,0,0,1,0,0,0,0,0,0,0,1,0,0,0,1,0,0,0,1,119427.12
4,1.54,0,0,500.0,0.0,0.0,0.0,0,0,0,0,1,0,0,0,0,0,0,0,1,0,0,0,0,0,1,0,0,1,0,0,0,1,0,53280.0
8,2.4,0,0,1024.0,256.0,0.0,0.0,1,0,0,0,0,0,0,0,0,0,0,0,1,0,0,0,0,0,1,0,0,1,0,0,0,0,1,42570.72
8,2.04,0,0,2048.0,0.0,0.0,0.0,0,0,0,0,1,0,0,0,0,0,0,0,1,0,0,0,0,0,1,0,0,0,1,0,0,1,0,33513.119999999995
8,2.3,0,0,1024.0,0.0,0.0,0.0,0,0,0,1,0,0,0,0,0,0,0,0,1,0,0,1,0,0,0,0,0,0,1,0,1,0,0,42943.1472
8,2.3,0,1,1024.0,0.0,0.0,0.0,0,0,0,0,0,1,0,0,0,0,0,0,1,0,0,0,0,0,1,0,0,1,0,0,0,1,0,45323.1648
4,0.69,1,1,0.0,0.0,64.0,0.0,0,0,0,0,0,1,0,0,0,1,0,0,0,0,0,0,0,0,1,0,0,0,0,1,0,1,0,25521.12
